codigo,salon,nombres,apellidos,email_login,password
EST-2026-0121,2° A,Thiago,Acosta Aguilar,thiago.acosta4857@blenkir.edu.pe,mbappe29
EST-2026-0032,1° B,Julio,Acosta Chávez,julio.acosta6777@blenkir.edu.pe,mbappe29
EST-2026-0010,1° A,Emilia,Acosta Condori,emilia.acosta2478@blenkir.edu.pe,mbappe29
EST-2026-0013,1° A,Angela,Acosta Delgado,angela.acosta2527@blenkir.edu.pe,mbappe29
EST-2026-0428,4° C,Rodrigo,Acosta Delgado,rodrigo.acosta3221@blenkir.edu.pe,mbappe29
EST-2026-0019,1° A,Luciana,Acosta Díaz,luciana.acosta0229@blenkir.edu.pe,mbappe29
EST-2026-0347,3° D,Emilio,Acosta Flores,emilio.acosta8116@blenkir.edu.pe,mbappe29
EST-2026-0449,4° C,Paola,Acosta García,paola.acosta2632@blenkir.edu.pe,mbappe29
EST-2026-0638,6° C,Roxana,Acosta López,roxana.acosta3336@blenkir.edu.pe,mbappe29
EST-2026-0404,4° B,Ruth,Acosta Ortiz,ruth.acosta6754@blenkir.edu.pe,mbappe29
EST-2026-0050,1° B,Emilio,Acosta Palomino,emilio.acosta9269@blenkir.edu.pe,mbappe29
EST-2026-0104,1° D,Gladys,Acosta Paredes,gladys.acosta7883@blenkir.edu.pe,mbappe29
EST-2026-0070,1° C,Julio,Acosta Ramírez,julio.acosta1067@blenkir.edu.pe,mbappe29
EST-2026-0401,4° B,Raúl,Acosta Ríos,raul.acosta4873@blenkir.edu.pe,mbappe29
EST-2026-0512,5° B,Rodrigo,Acosta Rojas,rodrigo.acosta8923@blenkir.edu.pe,mbappe29
EST-2026-0059,1° B,Eduardo,Acosta Salazar,eduardo.acosta7535@blenkir.edu.pe,mbappe29
EST-2026-0516,5° B,Adrián,Aguilar Acosta,adrian.aguilar7206@blenkir.edu.pe,mbappe29
EST-2026-0480,4° D,Daniel,Aguilar Delgado,daniel.aguilar7314@blenkir.edu.pe,mbappe29
EST-2026-0601,6° B,Antonella,Aguilar Delgado,antonella.aguilar5313@blenkir.edu.pe,mbappe29
EST-2026-0468,4° D,Gladys,Aguilar Díaz,gladys.aguilar0647@blenkir.edu.pe,mbappe29
EST-2026-0295,3° B,Angela,Aguilar Díaz,angela.aguilar7810@blenkir.edu.pe,mbappe29
EST-2026-0158,2° B,Adrián,Aguilar Espinoza,adrian.aguilar0085@blenkir.edu.pe,mbappe29
EST-2026-0579,6° A,Sofía,Aguilar Mendoza,sofia.aguilar5111@blenkir.edu.pe,mbappe29
EST-2026-0159,2° B,César,Aguilar Navarro,cesar.aguilar9220@blenkir.edu.pe,mbappe29
EST-2026-0048,1° B,Mateo,Aguilar Pérez,mateo.aguilar0107@blenkir.edu.pe,mbappe29
EST-2026-0193,2° C,Óscar,Aguilar Pérez,oscar.aguilar9003@blenkir.edu.pe,mbappe29
EST-2026-0526,5° B,Sofía,Aguilar Reyes,sofia.aguilar5332@blenkir.edu.pe,mbappe29
EST-2026-0599,6° A,Eduardo,Aguilar Reyes,eduardo.aguilar9400@blenkir.edu.pe,mbappe29
EST-2026-0317,3° C,Emilio,Aguilar Rojas,emilio.aguilar4823@blenkir.edu.pe,mbappe29
EST-2026-0413,4° B,Fiorella,Aguilar Salazar,fiorella.aguilar4561@blenkir.edu.pe,mbappe29
EST-2026-0509,5° A,Mateo,Aguilar Torres,mateo.aguilar7367@blenkir.edu.pe,mbappe29
EST-2026-0587,6° A,Patricia,Cáceres Acosta,patricia.caceres0376@blenkir.edu.pe,mbappe29
EST-2026-0501,5° A,Camila,Cáceres Cruz,camila.caceres3153@blenkir.edu.pe,mbappe29
EST-2026-0411,4° B,Daniel,Cáceres Delgado,daniel.caceres6098@blenkir.edu.pe,mbappe29
EST-2026-0304,3° C,Raúl,Cáceres Díaz,raul.caceres6020@blenkir.edu.pe,mbappe29
EST-2026-0177,2° B,Mateo,Cáceres Díaz,mateo.caceres8486@blenkir.edu.pe,mbappe29
EST-2026-0278,3° B,Emilia,Cáceres Espinoza,emilia.caceres5959@blenkir.edu.pe,mbappe29
EST-2026-0595,6° A,Andrés,Cáceres Mendoza,andres.caceres5510@blenkir.edu.pe,mbappe29
EST-2026-0634,6° C,Héctor,Cáceres Mendoza,hector.caceres6332@blenkir.edu.pe,mbappe29
EST-2026-0473,4° D,Alejandro,Cáceres Morales,alejandro.caceres3423@blenkir.edu.pe,mbappe29
EST-2026-0530,5° B,Gladys,Cáceres Navarro,gladys.caceres4222@blenkir.edu.pe,mbappe29
EST-2026-0162,2° B,Nicole,Cáceres Palomino,nicole.caceres8607@blenkir.edu.pe,mbappe29
EST-2026-0506,5° A,Gabriel,Cáceres Reyes,gabriel.caceres0442@blenkir.edu.pe,mbappe29
EST-2026-0376,4° A,Rosa,Cáceres Ríos,rosa.caceres8185@blenkir.edu.pe,mbappe29
EST-2026-0527,5° B,Julio,Cáceres Rivera,julio.caceres8298@blenkir.edu.pe,mbappe29
EST-2026-0233,2° D,Mía,Cáceres Vega,mia.caceres9715@blenkir.edu.pe,mbappe29
EST-2026-0206,2° C,Emilio,Cáceres Vega,emilio.caceres5827@blenkir.edu.pe,mbappe29
EST-2026-0226,2° D,Rodrigo,Castro Acosta,rodrigo.castro5694@blenkir.edu.pe,mbappe29
EST-2026-0164,2° B,Thiago,Castro Aguilar,thiago.castro8311@blenkir.edu.pe,mbappe29
EST-2026-0418,4° B,Mateo,Castro Cáceres,mateo.castro3248@blenkir.edu.pe,mbappe29
EST-2026-0101,1° D,Angela,Castro Cruz,angela.castro9370@blenkir.edu.pe,mbappe29
EST-2026-0353,3° D,Paola,Castro Díaz,paola.castro9809@blenkir.edu.pe,mbappe29
EST-2026-0389,4° A,Julio,Castro Flores,julio.castro9774@blenkir.edu.pe,mbappe29
EST-2026-0340,3° D,Ariana,Castro Gutiérrez,ariana.castro3733@blenkir.edu.pe,mbappe29
EST-2026-0313,3° C,Ian,Castro Herrera,ian.castro6176@blenkir.edu.pe,mbappe29
EST-2026-0033,1° B,Marco,Castro Huamán,marco.castro5875@blenkir.edu.pe,mbappe29
EST-2026-0134,2° A,Renato,Castro Huamán,renato.castro1962@blenkir.edu.pe,mbappe29
EST-2026-0267,3° A,Diego,Castro López,diego.castro0839@blenkir.edu.pe,mbappe29
EST-2026-0358,3° D,Paola,Castro Ortiz,paola.castro8004@blenkir.edu.pe,mbappe29
EST-2026-0314,3° C,Milagros,Castro Ríos,milagros.castro4372@blenkir.edu.pe,mbappe29
EST-2026-0382,4° A,Nicole,Castro Rivera,nicole.castro2503@blenkir.edu.pe,mbappe29
EST-2026-0181,2° C,Felipe,Castro Rivera,felipe.castro4415@blenkir.edu.pe,mbappe29
EST-2026-0005,1° A,Antonella,Castro Rojas,antonella.castro1476@blenkir.edu.pe,mbappe29
EST-2026-0351,3° D,Renato,Castro Valdez,renato.castro3290@blenkir.edu.pe,mbappe29
EST-2026-0220,2° D,Bruno,Chávez Condori,bruno.chavez9260@blenkir.edu.pe,mbappe29
EST-2026-0592,6° A,Sebastián,Chávez Cordero,sebastian.chavez5355@blenkir.edu.pe,mbappe29
EST-2026-0649,6° C,Alejandro,Chávez Flores,alejandro.chavez0332@blenkir.edu.pe,mbappe29
EST-2026-0107,1° D,Paola,Chávez Flores,paola.chavez2562@blenkir.edu.pe,mbappe29
EST-2026-0502,5° A,Ian,Chávez Huamán,ian.chavez7991@blenkir.edu.pe,mbappe29
EST-2026-0469,4° D,Isabella,Chávez López,isabella.chavez4123@blenkir.edu.pe,mbappe29
EST-2026-0119,1° D,Thiago,Chávez Morales,thiago.chavez8446@blenkir.edu.pe,mbappe29
EST-2026-0324,3° C,Ariana,Chávez Navarro,ariana.chavez0434@blenkir.edu.pe,mbappe29
EST-2026-0257,3° A,Julio,Chávez Ortiz,julio.chavez8143@blenkir.edu.pe,mbappe29
EST-2026-0086,1° C,Mariana,Chávez Palomino,mariana.chavez7675@blenkir.edu.pe,mbappe29
EST-2026-0436,4° C,Joaquín,Chávez Ramírez,joaquin.chavez2934@blenkir.edu.pe,mbappe29
EST-2026-0510,5° A,Angela,Chávez Ríos,angela.chavez1121@blenkir.edu.pe,mbappe29
EST-2026-0517,5° B,Bruno,Chávez Rivera,bruno.chavez7061@blenkir.edu.pe,mbappe29
EST-2026-0451,4° D,Óscar,Chávez Rojas,oscar.chavez7580@blenkir.edu.pe,mbappe29
EST-2026-0597,6° A,Luciana,Chávez Torres,luciana.chavez6527@blenkir.edu.pe,mbappe29
EST-2026-0328,3° C,Ariana,Chávez Valdez,ariana.chavez4915@blenkir.edu.pe,mbappe29
EST-2026-0231,2° D,Ruth,Chávez Vega,ruth.chavez2047@blenkir.edu.pe,mbappe29
EST-2026-0284,3° B,Gabriel,Condori Acosta,gabriel.condori4932@blenkir.edu.pe,mbappe29
EST-2026-0321,3° C,Raúl,Condori Chávez,raul.condori8427@blenkir.edu.pe,mbappe29
EST-2026-0613,6° B,Katherine,Condori Delgado,katherine.condori2790@blenkir.edu.pe,mbappe29
EST-2026-0505,5° A,Alejandro,Condori Díaz,alejandro.condori1289@blenkir.edu.pe,mbappe29
EST-2026-0623,6° B,Eduardo,Condori Díaz,eduardo.condori1494@blenkir.edu.pe,mbappe29
EST-2026-0584,6° A,Raúl,Condori Fernández,raul.condori2352@blenkir.edu.pe,mbappe29
EST-2026-0166,2° B,Joaquín,Condori Fernández,joaquin.condori7516@blenkir.edu.pe,mbappe29
EST-2026-0320,3° C,Mariana,Condori Herrera,mariana.condori2132@blenkir.edu.pe,mbappe29
EST-2026-0377,4° A,Thiago,Condori Herrera,thiago.condori1688@blenkir.edu.pe,mbappe29
EST-2026-0280,3° B,Emilia,Condori López,emilia.condori8274@blenkir.edu.pe,mbappe29
EST-2026-0519,5° B,Óscar,Condori Navarro,oscar.condori0559@blenkir.edu.pe,mbappe29
EST-2026-0075,1° C,Nicole,Condori Ortiz,nicole.condori6082@blenkir.edu.pe,mbappe29
EST-2026-0658,6° C,Óscar,Condori Palomino,oscar.condori9678@blenkir.edu.pe,mbappe29
EST-2026-0495,5° A,Renato,Condori Rojas,renato.condori5092@blenkir.edu.pe,mbappe29
EST-2026-0486,5° A,Angela,Condori Silva,angela.condori3766@blenkir.edu.pe,mbappe29
EST-2026-0279,3° B,Renato,Cordero Acosta,renato.cordero2014@blenkir.edu.pe,mbappe29
EST-2026-0345,3° D,Marco,Cordero Acosta,marco.cordero8859@blenkir.edu.pe,mbappe29
EST-2026-0637,6° C,Bruno,Cordero Díaz,bruno.cordero4229@blenkir.edu.pe,mbappe29
EST-2026-0432,4° C,Roxana,Cordero Espinoza,roxana.cordero2359@blenkir.edu.pe,mbappe29
EST-2026-0058,1° B,Gabriel,Cordero Flores,gabriel.cordero1471@blenkir.edu.pe,mbappe29
EST-2026-0139,2° A,Emilia,Cordero García,emilia.cordero8274@blenkir.edu.pe,mbappe29
EST-2026-0143,2° A,Miguel,Cordero López,miguel.cordero6745@blenkir.edu.pe,mbappe29
EST-2026-0338,3° D,Mariana,Cordero Medina,mariana.cordero8592@blenkir.edu.pe,mbappe29
EST-2026-0396,4° B,Fiorella,Cordero Navarro,fiorella.cordero8257@blenkir.edu.pe,mbappe29
EST-2026-0614,6° B,Diego,Cordero Ramírez,diego.cordero1539@blenkir.edu.pe,mbappe29
EST-2026-0282,3° B,Isabella,Cordero Salazar,isabella.cordero0033@blenkir.edu.pe,mbappe29
EST-2026-0533,5° B,Sebastián,Cordero Torres,sebastian.cordero5490@blenkir.edu.pe,mbappe29
EST-2026-0466,4° D,Rosa,Cordero Vega,rosa.cordero7379@blenkir.edu.pe,mbappe29
EST-2026-0467,4° D,Raúl,Cruz Aguilar,raul.cruz8772@blenkir.edu.pe,mbappe29
EST-2026-0568,5° C,Milagros,Cruz Aguilar,milagros.cruz2301@blenkir.edu.pe,mbappe29
EST-2026-0383,4° A,Luciana,Cruz Castro,luciana.cruz7594@blenkir.edu.pe,mbappe29
EST-2026-0616,6° B,Milagros,Cruz Delgado,milagros.cruz7847@blenkir.edu.pe,mbappe29
EST-2026-0130,2° A,Victoria,Cruz Díaz,victoria.cruz2509@blenkir.edu.pe,mbappe29
EST-2026-0605,6° B,Roxana,Cruz Fernández,roxana.cruz7924@blenkir.edu.pe,mbappe29
EST-2026-0540,5° B,Óscar,Cruz Gutiérrez,oscar.cruz6224@blenkir.edu.pe,mbappe29
EST-2026-0068,1° C,Santiago,Cruz Medina,santiago.cruz4022@blenkir.edu.pe,mbappe29
EST-2026-0237,2° D,Ruth,Cruz Medina,ruth.cruz4964@blenkir.edu.pe,mbappe29
EST-2026-0318,3° C,Carmen,Cruz Medina,carmen.cruz9896@blenkir.edu.pe,mbappe29
EST-2026-0459,4° D,Valentina,Cruz Morales,valentina.cruz4285@blenkir.edu.pe,mbappe29
EST-2026-0222,2° D,Katherine,Cruz Navarro,katherine.cruz6817@blenkir.edu.pe,mbappe29
EST-2026-0227,2° D,Ruth,Cruz Ortiz,ruth.cruz1642@blenkir.edu.pe,mbappe29
EST-2026-0173,2° B,Santiago,Cruz Pérez,santiago.cruz2808@blenkir.edu.pe,mbappe29
EST-2026-0569,5° C,Ian,Cruz Rojas,ian.cruz7511@blenkir.edu.pe,mbappe29
EST-2026-0115,1° D,Miguel,Delgado Espinoza,miguel.delgado6286@blenkir.edu.pe,mbappe29
EST-2026-0087,1° C,Sebastián,Delgado García,sebastian.delgado6322@blenkir.edu.pe,mbappe29
EST-2026-0364,4° A,Sofía,Delgado Mendoza,sofia.delgado0258@blenkir.edu.pe,mbappe29
EST-2026-0578,6° A,Carmen,Delgado Morales,carmen.delgado1762@blenkir.edu.pe,mbappe29
EST-2026-0235,2° D,Milagros,Delgado Palomino,milagros.delgado7260@blenkir.edu.pe,mbappe29
EST-2026-0133,2° A,Raúl,Delgado Pérez,raul.delgado1767@blenkir.edu.pe,mbappe29
EST-2026-0550,5° C,Ruth,Delgado Pérez,ruth.delgado2670@blenkir.edu.pe,mbappe29
EST-2026-0150,2° A,Sebastián,Delgado Rivera,sebastian.delgado7056@blenkir.edu.pe,mbappe29
EST-2026-0094,1° D,Ian,Delgado Rojas,ian.delgado7637@blenkir.edu.pe,mbappe29
EST-2026-0447,4° C,Miguel,Delgado Rojas,miguel.delgado9114@blenkir.edu.pe,mbappe29
EST-2026-0409,4° B,Katherine,Delgado Salazar,katherine.delgado0450@blenkir.edu.pe,mbappe29
EST-2026-0346,3° D,Carmen,Delgado Sánchez,carmen.delgado3882@blenkir.edu.pe,mbappe29
EST-2026-0433,4° C,Carmen,Delgado Silva,carmen.delgado5806@blenkir.edu.pe,mbappe29
EST-2026-0060,1° B,Fiorella,Delgado Silva,fiorella.delgado2699@blenkir.edu.pe,mbappe29
EST-2026-0539,5° B,Lucía,Delgado Torres,lucia.delgado7671@blenkir.edu.pe,mbappe29
EST-2026-0129,2° A,Katherine,Delgado Vásquez,katherine.delgado1346@blenkir.edu.pe,mbappe29
EST-2026-0153,2° B,Julio,Díaz Aguilar,julio.diaz6856@blenkir.edu.pe,mbappe29
EST-2026-0408,4° B,Isabella,Díaz Condori,isabella.diaz4454@blenkir.edu.pe,mbappe29
EST-2026-0138,2° A,Roxana,Díaz Fernández,roxana.diaz6014@blenkir.edu.pe,mbappe29
EST-2026-0085,1° C,Renato,Díaz Mamani,renato.diaz3274@blenkir.edu.pe,mbappe29
EST-2026-0350,3° D,Emilia,Díaz Mamani,emilia.diaz0834@blenkir.edu.pe,mbappe29
EST-2026-0598,6° A,Joaquín,Díaz Navarro,joaquin.diaz2785@blenkir.edu.pe,mbappe29
EST-2026-0283,3° B,Ian,Díaz Ramírez,ian.diaz2137@blenkir.edu.pe,mbappe29
EST-2026-0299,3° B,Óscar,Díaz Rojas,oscar.diaz6386@blenkir.edu.pe,mbappe29
EST-2026-0047,1° B,Marco,Díaz Rojas,marco.diaz3048@blenkir.edu.pe,mbappe29
EST-2026-0546,5° C,Gabriel,Díaz Rojas,gabriel.diaz1011@blenkir.edu.pe,mbappe29
EST-2026-0555,5° C,Renato,Díaz Rojas,renato.diaz7812@blenkir.edu.pe,mbappe29
EST-2026-0262,3° A,Katherine,Díaz Vega,katherine.diaz6529@blenkir.edu.pe,mbappe29
EST-2026-0457,4° D,Joaquín,Espinoza Chávez,joaquin.espinoza2245@blenkir.edu.pe,mbappe29
EST-2026-0604,6° B,Felipe,Espinoza Chávez,felipe.espinoza5332@blenkir.edu.pe,mbappe29
EST-2026-0529,5° B,Eduardo,Espinoza Condori,eduardo.espinoza7223@blenkir.edu.pe,mbappe29
EST-2026-0374,4° A,Rodrigo,Espinoza Condori,rodrigo.espinoza7789@blenkir.edu.pe,mbappe29
EST-2026-0031,1° B,Katherine,Espinoza Condori,katherine.espinoza3588@blenkir.edu.pe,mbappe29
EST-2026-0617,6° B,Emilio,Espinoza Fernández,emilio.espinoza7528@blenkir.edu.pe,mbappe29
EST-2026-0201,2° C,Nicole,Espinoza Flores,nicole.espinoza5737@blenkir.edu.pe,mbappe29
EST-2026-0585,6° A,Patricia,Espinoza García,patricia.espinoza3530@blenkir.edu.pe,mbappe29
EST-2026-0492,5° A,Felipe,Espinoza Gutiérrez,felipe.espinoza7288@blenkir.edu.pe,mbappe29
EST-2026-0274,3° B,Marco,Espinoza Morales,marco.espinoza7725@blenkir.edu.pe,mbappe29
EST-2026-0186,2° C,Ariana,Espinoza Pérez,ariana.espinoza1181@blenkir.edu.pe,mbappe29
EST-2026-0265,3° A,Luciana,Espinoza Quispe,luciana.espinoza7820@blenkir.edu.pe,mbappe29
EST-2026-0271,3° B,Óscar,Espinoza Ramírez,oscar.espinoza0088@blenkir.edu.pe,mbappe29
EST-2026-0327,3° C,Roxana,Espinoza Rojas,roxana.espinoza6768@blenkir.edu.pe,mbappe29
EST-2026-0608,6° B,Roxana,Espinoza Salazar,roxana.espinoza7341@blenkir.edu.pe,mbappe29
EST-2026-0160,2° B,Emilio,Espinoza Sánchez,emilio.espinoza1783@blenkir.edu.pe,mbappe29
EST-2026-0290,3° B,Alejandro,Espinoza Sánchez,alejandro.espinoza8555@blenkir.edu.pe,mbappe29
EST-2026-0375,4° A,Luciana,Espinoza Valdez,luciana.espinoza5321@blenkir.edu.pe,mbappe29
EST-2026-0063,1° C,Gladys,Espinoza Valdez,gladys.espinoza1150@blenkir.edu.pe,mbappe29
EST-2026-0141,2° A,Óscar,Fernández Aguilar,oscar.fernandez9598@blenkir.edu.pe,mbappe29
EST-2026-0339,3° D,Ariana,Fernández Cáceres,ariana.fernandez9342@blenkir.edu.pe,mbappe29
EST-2026-0416,4° B,Felipe,Fernández Chávez,felipe.fernandez7622@blenkir.edu.pe,mbappe29
EST-2026-0588,6° A,Paola,Fernández Delgado,paola.fernandez3174@blenkir.edu.pe,mbappe29
EST-2026-0366,4° A,Ian,Fernández Espinoza,ian.fernandez6046@blenkir.edu.pe,mbappe29
EST-2026-0125,2° A,Ruth,Fernández García,ruth.fernandez5454@blenkir.edu.pe,mbappe29
EST-2026-0639,6° C,Diego,Fernández Herrera,diego.fernandez5664@blenkir.edu.pe,mbappe29
EST-2026-0156,2° B,Luciana,Fernández Navarro,luciana.fernandez7937@blenkir.edu.pe,mbappe29
EST-2026-0255,3° A,Katherine,Fernández Ortiz,katherine.fernandez4841@blenkir.edu.pe,mbappe29
EST-2026-0298,3° B,Sofía,Fernández Quispe,sofia.fernandez8210@blenkir.edu.pe,mbappe29
EST-2026-0179,2° B,Andrés,Fernández Reyes,andres.fernandez9987@blenkir.edu.pe,mbappe29
EST-2026-0006,1° A,Roxana,Fernández Rivera,roxana.fernandez2385@blenkir.edu.pe,mbappe29
EST-2026-0169,2° B,Rosa,Fernández Rivera,rosa.fernandez4997@blenkir.edu.pe,mbappe29
EST-2026-0027,1° A,Valeria,Fernández Salazar,valeria.fernandez6029@blenkir.edu.pe,mbappe29
EST-2026-0039,1° B,Mateo,Fernández Salazar,mateo.fernandez9062@blenkir.edu.pe,mbappe29
EST-2026-0310,3° C,Camila,Fernández Salazar,camila.fernandez3023@blenkir.edu.pe,mbappe29
EST-2026-0431,4° C,Adrián,Fernández Torres,adrian.fernandez1974@blenkir.edu.pe,mbappe29
EST-2026-0503,5° A,Mía,Fernández Valdez,mia.fernandez2264@blenkir.edu.pe,mbappe29
EST-2026-0097,1° D,Angela,Fernández Valdez,angela.fernandez9726@blenkir.edu.pe,mbappe29
EST-2026-0326,3° C,Héctor,Fernández Vega,hector.fernandez8320@blenkir.edu.pe,mbappe29
EST-2026-0594,6° A,Mariana,Flores Aguilar,mariana.flores5997@blenkir.edu.pe,mbappe29
EST-2026-0297,3° B,Santiago,Flores Chávez,santiago.flores6400@blenkir.edu.pe,mbappe29
EST-2026-0038,1° B,Gabriel,Flores Condori,gabriel.flores8717@blenkir.edu.pe,mbappe29
EST-2026-0114,1° D,Victoria,Flores Delgado,victoria.flores0895@blenkir.edu.pe,mbappe29
EST-2026-0167,2° B,Valentina,Flores Delgado,valentina.flores4229@blenkir.edu.pe,mbappe29
EST-2026-0199,2° C,Camila,Flores Delgado,camila.flores7850@blenkir.edu.pe,mbappe29
EST-2026-0581,6° A,Angela,Flores Delgado,angela.flores8807@blenkir.edu.pe,mbappe29
EST-2026-0534,5° B,Emilio,Flores Fernández,emilio.flores2480@blenkir.edu.pe,mbappe29
EST-2026-0023,1° A,Adrián,Flores Huamán,adrian.flores6018@blenkir.edu.pe,mbappe29
EST-2026-0572,6° A,Óscar,Flores López,oscar.flores9453@blenkir.edu.pe,mbappe29
EST-2026-0127,2° A,Rosa,Flores Mendoza,rosa.flores3352@blenkir.edu.pe,mbappe29
EST-2026-0493,5° A,Katherine,Flores Morales,katherine.flores6026@blenkir.edu.pe,mbappe29
EST-2026-0008,1° A,Gabriel,Flores Ortiz,gabriel.flores5907@blenkir.edu.pe,mbappe29
EST-2026-0508,5° A,Rosa,Flores Quispe,rosa.flores2082@blenkir.edu.pe,mbappe29
EST-2026-0582,6° A,Bruno,Flores Reyes,bruno.flores1466@blenkir.edu.pe,mbappe29
EST-2026-0618,6° B,Ian,Flores Reyes,ian.flores1140@blenkir.edu.pe,mbappe29
EST-2026-0543,5° C,Eduardo,Flores Silva,eduardo.flores6654@blenkir.edu.pe,mbappe29
EST-2026-0004,1° A,Milagros,Flores Silva,milagros.flores0562@blenkir.edu.pe,mbappe29
EST-2026-0378,4° A,Valentina,Flores Torres,valentina.flores3957@blenkir.edu.pe,mbappe29
EST-2026-0046,1° B,Andrés,Flores Vásquez,andres.flores2838@blenkir.edu.pe,mbappe29
EST-2026-0462,4° D,Nicole,Flores Vásquez,nicole.flores7632@blenkir.edu.pe,mbappe29
EST-2026-0051,1° B,Nicole,García Chávez,nicole.garcia5235@blenkir.edu.pe,mbappe29
EST-2026-0337,3° D,Marco,García Cordero,marco.garcia2963@blenkir.edu.pe,mbappe29
EST-2026-0455,4° D,Carmen,García Cruz,carmen.garcia8793@blenkir.edu.pe,mbappe29
EST-2026-0518,5° B,Rodrigo,García Díaz,rodrigo.garcia7760@blenkir.edu.pe,mbappe29
EST-2026-0332,3° D,Mía,García Díaz,mia.garcia2719@blenkir.edu.pe,mbappe29
EST-2026-0300,3° B,Renato,García Fernández,renato.garcia7726@blenkir.edu.pe,mbappe29
EST-2026-0644,6° C,Adrián,García Gutiérrez,adrian.garcia3655@blenkir.edu.pe,mbappe29
EST-2026-0611,6° B,Isabella,García Medina,isabella.garcia1882@blenkir.edu.pe,mbappe29
EST-2026-0258,3° A,Ariana,García Mendoza,ariana.garcia7547@blenkir.edu.pe,mbappe29
EST-2026-0272,3° B,Marco,García Morales,marco.garcia4087@blenkir.edu.pe,mbappe29
EST-2026-0562,5° C,Nicole,García Reyes,nicole.garcia5741@blenkir.edu.pe,mbappe29
EST-2026-0147,2° A,Alejandro,García Sánchez,alejandro.garcia1140@blenkir.edu.pe,mbappe29
EST-2026-0120,1° D,Ariana,García Silva,ariana.garcia5864@blenkir.edu.pe,mbappe29
EST-2026-0067,1° C,Luciana,García Torres,luciana.garcia9334@blenkir.edu.pe,mbappe29
EST-2026-0204,2° C,Rosa,Gutiérrez Acosta,rosa.gutierrez9319@blenkir.edu.pe,mbappe29
EST-2026-0615,6° B,César,Gutiérrez Acosta,cesar.gutierrez2032@blenkir.edu.pe,mbappe29
EST-2026-0256,3° A,Thiago,Gutiérrez Castro,thiago.gutierrez7075@blenkir.edu.pe,mbappe29
EST-2026-0580,6° A,Milagros,Gutiérrez Chávez,milagros.gutierrez4685@blenkir.edu.pe,mbappe29
EST-2026-0323,3° C,Raúl,Gutiérrez Condori,raul.gutierrez9624@blenkir.edu.pe,mbappe29
EST-2026-0045,1° B,Felipe,Gutiérrez Cordero,felipe.gutierrez8586@blenkir.edu.pe,mbappe29
EST-2026-0496,5° A,Mateo,Gutiérrez Espinoza,mateo.gutierrez5829@blenkir.edu.pe,mbappe29
EST-2026-0609,6° B,Thiago,Gutiérrez Navarro,thiago.gutierrez1275@blenkir.edu.pe,mbappe29
EST-2026-0022,1° A,Antonella,Gutiérrez Navarro,antonella.gutierrez6704@blenkir.edu.pe,mbappe29
EST-2026-0406,4° B,Felipe,Gutiérrez Ortiz,felipe.gutierrez7294@blenkir.edu.pe,mbappe29
EST-2026-0627,6° B,Victoria,Gutiérrez Ortiz,victoria.gutierrez9157@blenkir.edu.pe,mbappe29
EST-2026-0056,1° B,Isabella,Gutiérrez Quispe,isabella.gutierrez1182@blenkir.edu.pe,mbappe29
EST-2026-0336,3° D,Héctor,Gutiérrez Reyes,hector.gutierrez5087@blenkir.edu.pe,mbappe29
EST-2026-0244,3° A,Emilia,Gutiérrez Ríos,emilia.gutierrez3827@blenkir.edu.pe,mbappe29
EST-2026-0438,4° C,Lucía,Gutiérrez Ríos,lucia.gutierrez5913@blenkir.edu.pe,mbappe29
EST-2026-0029,1° A,Camila,Gutiérrez Vega,camila.gutierrez2633@blenkir.edu.pe,mbappe29
EST-2026-0072,1° C,Antonella,Herrera Castro,antonella.herrera6402@blenkir.edu.pe,mbappe29
EST-2026-0266,3° A,Gladys,Herrera Delgado,gladys.herrera9115@blenkir.edu.pe,mbappe29
EST-2026-0499,5° A,Julio,Herrera Espinoza,julio.herrera3833@blenkir.edu.pe,mbappe29
EST-2026-0386,4° A,Camila,Herrera Fernández,camila.herrera6136@blenkir.edu.pe,mbappe29
EST-2026-0306,3° C,Joaquín,Herrera Gutiérrez,joaquin.herrera0558@blenkir.edu.pe,mbappe29
EST-2026-0559,5° C,Alejandro,Herrera López,alejandro.herrera1379@blenkir.edu.pe,mbappe29
EST-2026-0095,1° D,Milagros,Herrera Medina,milagros.herrera7324@blenkir.edu.pe,mbappe29
EST-2026-0109,1° D,Ian,Herrera Medina,ian.herrera9528@blenkir.edu.pe,mbappe29
EST-2026-0355,3° D,Óscar,Herrera Morales,oscar.herrera0879@blenkir.edu.pe,mbappe29
EST-2026-0440,4° C,César,Herrera Quispe,cesar.herrera1491@blenkir.edu.pe,mbappe29
EST-2026-0342,3° D,Angela,Herrera Ramírez,angela.herrera4654@blenkir.edu.pe,mbappe29
EST-2026-0176,2° B,Lucía,Herrera Ríos,lucia.herrera9106@blenkir.edu.pe,mbappe29
EST-2026-0472,4° D,Rosa,Herrera Ríos,rosa.herrera1605@blenkir.edu.pe,mbappe29
EST-2026-0481,5° A,Miguel,Herrera Rivera,miguel.herrera1903@blenkir.edu.pe,mbappe29
EST-2026-0641,6° C,Paola,Herrera Sánchez,paola.herrera8239@blenkir.edu.pe,mbappe29
EST-2026-0349,3° D,Valentina,Herrera Torres,valentina.herrera6358@blenkir.edu.pe,mbappe29
EST-2026-0055,1° B,Valentina,Herrera Valdez,valentina.herrera9785@blenkir.edu.pe,mbappe29
EST-2026-0571,6° A,Katherine,Huamán Cordero,katherine.huaman5947@blenkir.edu.pe,mbappe29
EST-2026-0234,2° D,Antonella,Huamán Cordero,antonella.huaman5067@blenkir.edu.pe,mbappe29
EST-2026-0491,5° A,Andrés,Huamán Cruz,andres.huaman2395@blenkir.edu.pe,mbappe29
EST-2026-0021,1° A,Renato,Huamán Espinoza,renato.huaman7816@blenkir.edu.pe,mbappe29
EST-2026-0111,1° D,Angela,Huamán Espinoza,angela.huaman7816@blenkir.edu.pe,mbappe29
EST-2026-0356,3° D,Raúl,Huamán Espinoza,raul.huaman4833@blenkir.edu.pe,mbappe29
EST-2026-0487,5° A,Paola,Huamán García,paola.huaman7185@blenkir.edu.pe,mbappe29
EST-2026-0515,5° B,Sofía,Huamán García,sofia.huaman2372@blenkir.edu.pe,mbappe29
EST-2026-0607,6° B,Diego,Huamán García,diego.huaman3338@blenkir.edu.pe,mbappe29
EST-2026-0168,2° B,Adrián,Huamán García,adrian.huaman0087@blenkir.edu.pe,mbappe29
EST-2026-0407,4° B,Renato,Huamán Gutiérrez,renato.huaman5450@blenkir.edu.pe,mbappe29
EST-2026-0544,5° C,Sebastián,Huamán Gutiérrez,sebastian.huaman9548@blenkir.edu.pe,mbappe29
EST-2026-0548,5° C,Angela,Huamán Gutiérrez,angela.huaman8761@blenkir.edu.pe,mbappe29
EST-2026-0243,3° A,Lucía,Huamán López,lucia.huaman2836@blenkir.edu.pe,mbappe29
EST-2026-0254,3° A,Rodrigo,Huamán Mendoza,rodrigo.huaman8850@blenkir.edu.pe,mbappe29
EST-2026-0434,4° C,Milagros,Huamán Morales,milagros.huaman8477@blenkir.edu.pe,mbappe29
EST-2026-0131,2° A,Mariana,Huamán Palomino,mariana.huaman7048@blenkir.edu.pe,mbappe29
EST-2026-0570,5° C,Joaquín,Huamán Rivera,joaquin.huaman0321@blenkir.edu.pe,mbappe29
EST-2026-0591,6° A,Ariana,Huamán Valdez,ariana.huaman7588@blenkir.edu.pe,mbappe29
EST-2026-0286,3° B,Eduardo,López Cáceres,eduardo.lopez0231@blenkir.edu.pe,mbappe29
EST-2026-0458,4° D,Mateo,López Cordero,mateo.lopez8369@blenkir.edu.pe,mbappe29
EST-2026-0426,4° C,Mariana,López Delgado,mariana.lopez9915@blenkir.edu.pe,mbappe29
EST-2026-0190,2° C,Angela,López Delgado,angela.lopez4561@blenkir.edu.pe,mbappe29
EST-2026-0007,1° A,Mateo,López Fernández,mateo.lopez7526@blenkir.edu.pe,mbappe29
EST-2026-0545,5° C,Daniel,López Flores,daniel.lopez2427@blenkir.edu.pe,mbappe29
EST-2026-0600,6° A,Héctor,López Herrera,hector.lopez1516@blenkir.edu.pe,mbappe29
EST-2026-0305,3° C,Ruth,López Herrera,ruth.lopez9165@blenkir.edu.pe,mbappe29
EST-2026-0576,6° A,Miguel,López Paredes,miguel.lopez3825@blenkir.edu.pe,mbappe29
EST-2026-0369,4° A,Óscar,López Pérez,oscar.lopez5362@blenkir.edu.pe,mbappe29
EST-2026-0316,3° C,Mateo,López Ramírez,mateo.lopez6818@blenkir.edu.pe,mbappe29
EST-2026-0333,3° D,Renato,López Ramírez,renato.lopez1135@blenkir.edu.pe,mbappe29
EST-2026-0198,2° C,Ariana,López Salazar,ariana.lopez8809@blenkir.edu.pe,mbappe29
EST-2026-0065,1° C,Diego,López Sánchez,diego.lopez8043@blenkir.edu.pe,mbappe29
EST-2026-0405,4° B,Ian,López Vásquez,ian.lopez1456@blenkir.edu.pe,mbappe29
EST-2026-0253,3° A,Valentina,López Vega,valentina.lopez2736@blenkir.edu.pe,mbappe29
EST-2026-0103,1° D,Ariana,Mamani Castro,ariana.mamani1341@blenkir.edu.pe,mbappe29
EST-2026-0439,4° C,Valeria,Mamani Condori,valeria.mamani8010@blenkir.edu.pe,mbappe29
EST-2026-0247,3° A,Emilia,Mamani Cruz,emilia.mamani9018@blenkir.edu.pe,mbappe29
EST-2026-0192,2° C,Marco,Mamani Cruz,marco.mamani5377@blenkir.edu.pe,mbappe29
EST-2026-0011,1° A,Emilio,Mamani Delgado,emilio.mamani0580@blenkir.edu.pe,mbappe29
EST-2026-0633,6° C,Ariana,Mamani Espinoza,ariana.mamani0665@blenkir.edu.pe,mbappe29
EST-2026-0566,5° C,Marco,Mamani Flores,marco.mamani8791@blenkir.edu.pe,mbappe29
EST-2026-0610,6° B,Camila,Mamani García,camila.mamani1112@blenkir.edu.pe,mbappe29
EST-2026-0041,1° B,Julio,Mamani García,julio.mamani7515@blenkir.edu.pe,mbappe29
EST-2026-0216,2° D,Andrés,Mamani Medina,andres.mamani3530@blenkir.edu.pe,mbappe29
EST-2026-0522,5° B,Mariana,Mamani Medina,mariana.mamani9544@blenkir.edu.pe,mbappe29
EST-2026-0091,1° D,Ruth,Mamani Ortiz,ruth.mamani9732@blenkir.edu.pe,mbappe29
EST-2026-0090,1° C,Ian,Mamani Palomino,ian.mamani7977@blenkir.edu.pe,mbappe29
EST-2026-0602,6° B,Patricia,Mamani Palomino,patricia.mamani1320@blenkir.edu.pe,mbappe29
EST-2026-0528,5° B,Héctor,Mamani Pérez,hector.mamani7997@blenkir.edu.pe,mbappe29
EST-2026-0511,5° B,Rodrigo,Mamani Ramírez,rodrigo.mamani0880@blenkir.edu.pe,mbappe29
EST-2026-0564,5° C,Ariana,Mamani Reyes,ariana.mamani1258@blenkir.edu.pe,mbappe29
EST-2026-0026,1° A,Diego,Mamani Silva,diego.mamani3125@blenkir.edu.pe,mbappe29
EST-2026-0276,3° B,Fiorella,Mamani Torres,fiorella.mamani0110@blenkir.edu.pe,mbappe29
EST-2026-0191,2° C,César,Mamani Vásquez,cesar.mamani3912@blenkir.edu.pe,mbappe29
EST-2026-0028,1° A,Mariana,Medina Cáceres,mariana.medina2525@blenkir.edu.pe,mbappe29
EST-2026-0171,2° B,Isabella,Medina Cáceres,isabella.medina1977@blenkir.edu.pe,mbappe29
EST-2026-0420,4° B,Paola,Medina Cáceres,paola.medina3013@blenkir.edu.pe,mbappe29
EST-2026-0490,5° A,Joaquín,Medina Condori,joaquin.medina8018@blenkir.edu.pe,mbappe29
EST-2026-0403,4° B,Sebastián,Medina Díaz,sebastian.medina8669@blenkir.edu.pe,mbappe29
EST-2026-0371,4° A,Emilio,Medina García,emilio.medina9393@blenkir.edu.pe,mbappe29
EST-2026-0264,3° A,Miguel,Medina Gutiérrez,miguel.medina7438@blenkir.edu.pe,mbappe29
EST-2026-0465,4° D,Carmen,Medina Herrera,carmen.medina2673@blenkir.edu.pe,mbappe29
EST-2026-0388,4° A,Gabriel,Medina Morales,gabriel.medina0335@blenkir.edu.pe,mbappe29
EST-2026-0221,2° D,Julio,Medina Paredes,julio.medina3009@blenkir.edu.pe,mbappe29
EST-2026-0052,1° B,Héctor,Medina Reyes,hector.medina7834@blenkir.edu.pe,mbappe29
EST-2026-0341,3° D,Valeria,Medina Ríos,valeria.medina2221@blenkir.edu.pe,mbappe29
EST-2026-0647,6° C,Raúl,Medina Rivera,raul.medina4864@blenkir.edu.pe,mbappe29
EST-2026-0329,3° C,Marco,Medina Vega,marco.medina7145@blenkir.edu.pe,mbappe29
EST-2026-0360,3° D,César,Mendoza Chávez,cesar.mendoza2676@blenkir.edu.pe,mbappe29
EST-2026-0106,1° D,Raúl,Mendoza Chávez,raul.mendoza3629@blenkir.edu.pe,mbappe29
EST-2026-0586,6° A,Emilia,Mendoza Chávez,emilia.mendoza3192@blenkir.edu.pe,mbappe29
EST-2026-0043,1° B,Diego,Mendoza Condori,diego.mendoza4136@blenkir.edu.pe,mbappe29
EST-2026-0421,4° C,Paola,Mendoza Cruz,paola.mendoza9220@blenkir.edu.pe,mbappe29
EST-2026-0589,6° A,Victoria,Mendoza Delgado,victoria.mendoza0285@blenkir.edu.pe,mbappe29
EST-2026-0061,1° C,Óscar,Mendoza Fernández,oscar.mendoza4944@blenkir.edu.pe,mbappe29
EST-2026-0062,1° C,Katherine,Mendoza Fernández,katherine.mendoza8115@blenkir.edu.pe,mbappe29
EST-2026-0275,3° B,Nicole,Mendoza García,nicole.mendoza4584@blenkir.edu.pe,mbappe29
EST-2026-0289,3° B,Victoria,Mendoza Herrera,victoria.mendoza9924@blenkir.edu.pe,mbappe29
EST-2026-0151,2° B,Joaquín,Mendoza López,joaquin.mendoza8169@blenkir.edu.pe,mbappe29
EST-2026-0240,2° D,Patricia,Mendoza Morales,patricia.mendoza8555@blenkir.edu.pe,mbappe29
EST-2026-0475,4° D,Raúl,Mendoza Ortiz,raul.mendoza7578@blenkir.edu.pe,mbappe29
EST-2026-0054,1° B,Valentina,Mendoza Paredes,valentina.mendoza1045@blenkir.edu.pe,mbappe29
EST-2026-0489,5° A,Diego,Mendoza Pérez,diego.mendoza7565@blenkir.edu.pe,mbappe29
EST-2026-0577,6° A,Valeria,Mendoza Pérez,valeria.mendoza6581@blenkir.edu.pe,mbappe29
EST-2026-0632,6° C,Gabriel,Mendoza Ríos,gabriel.mendoza1121@blenkir.edu.pe,mbappe29
EST-2026-0017,1° A,Emilia,Mendoza Silva,emilia.mendoza0225@blenkir.edu.pe,mbappe29
EST-2026-0182,2° C,Joaquín,Mendoza Torres,joaquin.mendoza0879@blenkir.edu.pe,mbappe29
EST-2026-0640,6° C,Santiago,Mendoza Vásquez,santiago.mendoza0347@blenkir.edu.pe,mbappe29
EST-2026-0230,2° D,Antonella,Morales Acosta,antonella.morales1229@blenkir.edu.pe,mbappe29
EST-2026-0435,4° C,Raúl,Morales Aguilar,raul.morales6376@blenkir.edu.pe,mbappe29
EST-2026-0003,1° A,Héctor,Morales Condori,hector.morales2974@blenkir.edu.pe,mbappe29
EST-2026-0122,2° A,Miguel,Morales Condori,miguel.morales7120@blenkir.edu.pe,mbappe29
EST-2026-0102,1° D,Gladys,Morales Espinoza,gladys.morales3697@blenkir.edu.pe,mbappe29
EST-2026-0656,6° C,Angela,Morales Espinoza,angela.morales9803@blenkir.edu.pe,mbappe29
EST-2026-0393,4° B,Luciana,Morales Huamán,luciana.morales4540@blenkir.edu.pe,mbappe29
EST-2026-0149,2° A,Thiago,Morales Medina,thiago.morales4458@blenkir.edu.pe,mbappe29
EST-2026-0482,5° A,Ian,Morales Medina,ian.morales9026@blenkir.edu.pe,mbappe29
EST-2026-0330,3° C,Camila,Morales Navarro,camila.morales0495@blenkir.edu.pe,mbappe29
EST-2026-0078,1° C,Héctor,Morales Ortiz,hector.morales1592@blenkir.edu.pe,mbappe29
EST-2026-0560,5° C,Lucía,Morales Quispe,lucia.morales5918@blenkir.edu.pe,mbappe29
EST-2026-0363,4° A,Paola,Morales Quispe,paola.morales1012@blenkir.edu.pe,mbappe29
EST-2026-0642,6° C,Katherine,Morales Ríos,katherine.morales6611@blenkir.edu.pe,mbappe29
EST-2026-0203,2° C,Isabella,Morales Salazar,isabella.morales0714@blenkir.edu.pe,mbappe29
EST-2026-0195,2° C,Ruth,Morales Silva,ruth.morales5038@blenkir.edu.pe,mbappe29
EST-2026-0281,3° B,Diego,Morales Valdez,diego.morales5825@blenkir.edu.pe,mbappe29
EST-2026-0074,1° C,Óscar,Morales Vega,oscar.morales9631@blenkir.edu.pe,mbappe29
EST-2026-0419,4° B,Santiago,Navarro Acosta,santiago.navarro9515@blenkir.edu.pe,mbappe29
EST-2026-0430,4° C,Gabriel,Navarro Castro,gabriel.navarro0478@blenkir.edu.pe,mbappe29
EST-2026-0654,6° C,Alejandro,Navarro Castro,alejandro.navarro9837@blenkir.edu.pe,mbappe29
EST-2026-0628,6° B,Luciana,Navarro Cordero,luciana.navarro6166@blenkir.edu.pe,mbappe29
EST-2026-0554,5° C,Gabriel,Navarro Fernández,gabriel.navarro4056@blenkir.edu.pe,mbappe29
EST-2026-0380,4° A,César,Navarro Fernández,cesar.navarro5958@blenkir.edu.pe,mbappe29
EST-2026-0113,1° D,Ian,Navarro Flores,ian.navarro4982@blenkir.edu.pe,mbappe29
EST-2026-0202,2° C,Sofía,Navarro García,sofia.navarro6757@blenkir.edu.pe,mbappe29
EST-2026-0390,4° A,Óscar,Navarro García,oscar.navarro0611@blenkir.edu.pe,mbappe29
EST-2026-0172,2° B,Ian,Navarro Huamán,ian.navarro0537@blenkir.edu.pe,mbappe29
EST-2026-0175,2° B,Bruno,Navarro Morales,bruno.navarro5926@blenkir.edu.pe,mbappe29
EST-2026-0263,3° A,Miguel,Navarro Ortiz,miguel.navarro9300@blenkir.edu.pe,mbappe29
EST-2026-0331,3° D,Ariana,Navarro Ortiz,ariana.navarro6209@blenkir.edu.pe,mbappe29
EST-2026-0277,3° B,Mariana,Navarro Quispe,mariana.navarro7585@blenkir.edu.pe,mbappe29
EST-2026-0646,6° C,Miguel,Navarro Quispe,miguel.navarro7141@blenkir.edu.pe,mbappe29
EST-2026-0246,3° A,Isabella,Navarro Rivera,isabella.navarro2881@blenkir.edu.pe,mbappe29
EST-2026-0410,4° B,Camila,Navarro Rivera,camila.navarro3416@blenkir.edu.pe,mbappe29
EST-2026-0504,5° A,Alejandro,Navarro Sánchez,alejandro.navarro8781@blenkir.edu.pe,mbappe29
EST-2026-0205,2° C,Ariana,Navarro Sánchez,ariana.navarro1983@blenkir.edu.pe,mbappe29
EST-2026-0110,1° D,Isabella,Navarro Valdez,isabella.navarro0038@blenkir.edu.pe,mbappe29
EST-2026-0537,5° B,Emilia,Navarro Vega,emilia.navarro3727@blenkir.edu.pe,mbappe29
EST-2026-0196,2° C,Valentina,Ortiz Castro,valentina.ortiz0322@blenkir.edu.pe,mbappe29
EST-2026-0558,5° C,Mía,Ortiz Chávez,mia.ortiz5734@blenkir.edu.pe,mbappe29
EST-2026-0561,5° C,Antonella,Ortiz Chávez,antonella.ortiz5709@blenkir.edu.pe,mbappe29
EST-2026-0538,5° B,Katherine,Ortiz Cordero,katherine.ortiz4825@blenkir.edu.pe,mbappe29
EST-2026-0636,6° C,Diego,Ortiz Cruz,diego.ortiz2086@blenkir.edu.pe,mbappe29
EST-2026-0645,6° C,Katherine,Ortiz Díaz,katherine.ortiz9234@blenkir.edu.pe,mbappe29
EST-2026-0089,1° C,Emilio,Ortiz Díaz,emilio.ortiz3889@blenkir.edu.pe,mbappe29
EST-2026-0357,3° D,Miguel,Ortiz Flores,miguel.ortiz5978@blenkir.edu.pe,mbappe29
EST-2026-0471,4° D,Thiago,Ortiz Huamán,thiago.ortiz5192@blenkir.edu.pe,mbappe29
EST-2026-0163,2° B,Nicole,Ortiz López,nicole.ortiz8381@blenkir.edu.pe,mbappe29
EST-2026-0208,2° C,Milagros,Ortiz Medina,milagros.ortiz3382@blenkir.edu.pe,mbappe29
EST-2026-0037,1° B,Diego,Ortiz Morales,diego.ortiz9444@blenkir.edu.pe,mbappe29
EST-2026-0322,3° C,Diego,Ortiz Paredes,diego.ortiz2373@blenkir.edu.pe,mbappe29
EST-2026-0249,3° A,Sofía,Ortiz Pérez,sofia.ortiz1068@blenkir.edu.pe,mbappe29
EST-2026-0118,1° D,Renato,Ortiz Pérez,renato.ortiz8457@blenkir.edu.pe,mbappe29
EST-2026-0547,5° C,Emilio,Ortiz Ramírez,emilio.ortiz6049@blenkir.edu.pe,mbappe29
EST-2026-0232,2° D,Julio,Ortiz Rivera,julio.ortiz2026@blenkir.edu.pe,mbappe29
EST-2026-0124,2° A,Fiorella,Ortiz Torres,fiorella.ortiz2108@blenkir.edu.pe,mbappe29
EST-2026-0441,4° C,Andrés,Palomino Acosta,andres.palomino8767@blenkir.edu.pe,mbappe29
EST-2026-0012,1° A,Adrián,Palomino Castro,adrian.palomino8832@blenkir.edu.pe,mbappe29
EST-2026-0427,4° C,Ruth,Palomino Delgado,ruth.palomino7945@blenkir.edu.pe,mbappe29
EST-2026-0260,3° A,Emilio,Palomino Espinoza,emilio.palomino2330@blenkir.edu.pe,mbappe29
EST-2026-0652,6° C,Ruth,Palomino Gutiérrez,ruth.palomino6159@blenkir.edu.pe,mbappe29
EST-2026-0184,2° C,César,Palomino López,cesar.palomino8462@blenkir.edu.pe,mbappe29
EST-2026-0437,4° C,Katherine,Palomino López,katherine.palomino1879@blenkir.edu.pe,mbappe29
EST-2026-0315,3° C,Emilia,Palomino Medina,emilia.palomino9543@blenkir.edu.pe,mbappe29
EST-2026-0650,6° C,Gladys,Palomino Medina,gladys.palomino3387@blenkir.edu.pe,mbappe29
EST-2026-0563,5° C,Eduardo,Palomino Ortiz,eduardo.palomino3926@blenkir.edu.pe,mbappe29
EST-2026-0367,4° A,Ruth,Palomino Pérez,ruth.palomino5626@blenkir.edu.pe,mbappe29
EST-2026-0036,1° B,Miguel,Palomino Reyes,miguel.palomino3122@blenkir.edu.pe,mbappe29
EST-2026-0229,2° D,Katherine,Palomino Silva,katherine.palomino6771@blenkir.edu.pe,mbappe29
EST-2026-0069,1° C,Marco,Paredes Acosta,marco.paredes8267@blenkir.edu.pe,mbappe29
EST-2026-0135,2° A,Rosa,Paredes Acosta,rosa.paredes6312@blenkir.edu.pe,mbappe29
EST-2026-0477,4° D,Diego,Paredes Cáceres,diego.paredes3413@blenkir.edu.pe,mbappe29
EST-2026-0183,2° C,Roxana,Paredes Castro,roxana.paredes7357@blenkir.edu.pe,mbappe29
EST-2026-0373,4° A,Carmen,Paredes Delgado,carmen.paredes0562@blenkir.edu.pe,mbappe29
EST-2026-0325,3° C,Emilio,Paredes Espinoza,emilio.paredes2525@blenkir.edu.pe,mbappe29
EST-2026-0397,4° B,Valeria,Paredes Espinoza,valeria.paredes0220@blenkir.edu.pe,mbappe29
EST-2026-0308,3° C,Alejandro,Paredes García,alejandro.paredes4334@blenkir.edu.pe,mbappe29
EST-2026-0524,5° B,Renato,Paredes García,renato.paredes1460@blenkir.edu.pe,mbappe29
EST-2026-0303,3° C,Sofía,Paredes Gutiérrez,sofia.paredes6558@blenkir.edu.pe,mbappe29
EST-2026-0301,3° C,Isabella,Paredes Herrera,isabella.paredes7701@blenkir.edu.pe,mbappe29
EST-2026-0448,4° C,Ian,Paredes Huamán,ian.paredes7515@blenkir.edu.pe,mbappe29
EST-2026-0385,4° A,Luciana,Paredes Mamani,luciana.paredes6411@blenkir.edu.pe,mbappe29
EST-2026-0412,4° B,Gladys,Paredes Medina,gladys.paredes5910@blenkir.edu.pe,mbappe29
EST-2026-0460,4° D,Sofía,Paredes Pérez,sofia.paredes5800@blenkir.edu.pe,mbappe29
EST-2026-0423,4° C,Alejandro,Paredes Ríos,alejandro.paredes4052@blenkir.edu.pe,mbappe29
EST-2026-0259,3° A,Gladys,Paredes Rivera,gladys.paredes8701@blenkir.edu.pe,mbappe29
EST-2026-0354,3° D,Nicole,Paredes Valdez,nicole.paredes3735@blenkir.edu.pe,mbappe29
EST-2026-0049,1° B,Nicole,Paredes Vásquez,nicole.paredes3803@blenkir.edu.pe,mbappe29
EST-2026-0174,2° B,Valentina,Pérez Chávez,valentina.perez6953@blenkir.edu.pe,mbappe29
EST-2026-0251,3° A,Óscar,Pérez Delgado,oscar.perez6509@blenkir.edu.pe,mbappe29
EST-2026-0042,1° B,Diego,Pérez García,diego.perez0538@blenkir.edu.pe,mbappe29
EST-2026-0461,4° D,Nicole,Pérez López,nicole.perez8746@blenkir.edu.pe,mbappe29
EST-2026-0507,5° A,Sofía,Pérez Medina,sofia.perez5231@blenkir.edu.pe,mbappe29
EST-2026-0217,2° D,Milagros,Pérez Medina,milagros.perez2107@blenkir.edu.pe,mbappe29
EST-2026-0352,3° D,Mía,Pérez Mendoza,mia.perez2408@blenkir.edu.pe,mbappe29
EST-2026-0619,6° B,Joaquín,Pérez Navarro,joaquin.perez5152@blenkir.edu.pe,mbappe29
EST-2026-0414,4° B,Mía,Pérez Ortiz,mia.perez1535@blenkir.edu.pe,mbappe29
EST-2026-0112,1° D,Sebastián,Pérez Ortiz,sebastian.perez2739@blenkir.edu.pe,mbappe29
EST-2026-0213,2° D,Emilia,Pérez Palomino,emilia.perez7887@blenkir.edu.pe,mbappe29
EST-2026-0252,3° A,Héctor,Pérez Quispe,hector.perez6557@blenkir.edu.pe,mbappe29
EST-2026-0463,4° D,Diego,Pérez Ramírez,diego.perez7910@blenkir.edu.pe,mbappe29
EST-2026-0311,3° C,Victoria,Pérez Rivera,victoria.perez0165@blenkir.edu.pe,mbappe29
EST-2026-0456,4° D,Isabella,Pérez Sánchez,isabella.perez4918@blenkir.edu.pe,mbappe29
EST-2026-0002,1° A,Mariana,Pérez Sánchez,mariana.perez8914@blenkir.edu.pe,mbappe29
EST-2026-0009,1° A,Gabriel,Pérez Valdez,gabriel.perez7631@blenkir.edu.pe,mbappe29
EST-2026-0030,1° A,Alejandro,Pérez Vásquez,alejandro.perez3804@blenkir.edu.pe,mbappe29
EST-2026-0583,6° A,Patricia,Quispe Cáceres,patricia.quispe8042@blenkir.edu.pe,mbappe29
EST-2026-0215,2° D,Gladys,Quispe Díaz,gladys.quispe0156@blenkir.edu.pe,mbappe29
EST-2026-0001,1° A,Miguel,Quispe Fernández,miguel.quispe5901@blenkir.edu.pe,mbappe29
EST-2026-0093,1° D,Nicole,Quispe Fernández,nicole.quispe9639@blenkir.edu.pe,mbappe29
EST-2026-0370,4° A,Gladys,Quispe García,gladys.quispe2305@blenkir.edu.pe,mbappe29
EST-2026-0381,4° A,Alejandro,Quispe García,alejandro.quispe8302@blenkir.edu.pe,mbappe29
EST-2026-0653,6° C,Rosa,Quispe Gutiérrez,rosa.quispe5294@blenkir.edu.pe,mbappe29
EST-2026-0622,6° B,Santiago,Quispe Mendoza,santiago.quispe4775@blenkir.edu.pe,mbappe29
EST-2026-0292,3° B,Ian,Quispe Mendoza,ian.quispe8301@blenkir.edu.pe,mbappe29
EST-2026-0483,5° A,Lucía,Quispe Ortiz,lucia.quispe3698@blenkir.edu.pe,mbappe29
EST-2026-0242,3° A,Raúl,Quispe Palomino,raul.quispe4312@blenkir.edu.pe,mbappe29
EST-2026-0307,3° C,Julio,Quispe Paredes,julio.quispe7308@blenkir.edu.pe,mbappe29
EST-2026-0348,3° D,Daniel,Quispe Ríos,daniel.quispe8087@blenkir.edu.pe,mbappe29
EST-2026-0443,4° C,Óscar,Quispe Salazar,oscar.quispe2186@blenkir.edu.pe,mbappe29
EST-2026-0293,3° B,Camila,Quispe Torres,camila.quispe3716@blenkir.edu.pe,mbappe29
EST-2026-0212,2° D,Santiago,Quispe Valdez,santiago.quispe2251@blenkir.edu.pe,mbappe29
EST-2026-0248,3° A,Alejandro,Quispe Vásquez,alejandro.quispe5996@blenkir.edu.pe,mbappe29
EST-2026-0140,2° A,Emilia,Ramírez Acosta,emilia.ramirez3300@blenkir.edu.pe,mbappe29
EST-2026-0629,6° B,Sofía,Ramírez Condori,sofia.ramirez1004@blenkir.edu.pe,mbappe29
EST-2026-0523,5° B,Andrés,Ramírez Cordero,andres.ramirez5040@blenkir.edu.pe,mbappe29
EST-2026-0525,5° B,Ariana,Ramírez Cruz,ariana.ramirez5925@blenkir.edu.pe,mbappe29
EST-2026-0270,3° A,Camila,Ramírez Cruz,camila.ramirez0827@blenkir.edu.pe,mbappe29
EST-2026-0076,1° C,Alejandro,Ramírez Espinoza,alejandro.ramirez7285@blenkir.edu.pe,mbappe29
EST-2026-0077,1° C,Rodrigo,Ramírez Fernández,rodrigo.ramirez5941@blenkir.edu.pe,mbappe29
EST-2026-0335,3° D,Raúl,Ramírez Huamán,raul.ramirez6237@blenkir.edu.pe,mbappe29
EST-2026-0238,2° D,Bruno,Ramírez Navarro,bruno.ramirez2618@blenkir.edu.pe,mbappe29
EST-2026-0488,5° A,Daniel,Ramírez Ortiz,daniel.ramirez8354@blenkir.edu.pe,mbappe29
EST-2026-0398,4° B,Santiago,Ramírez Reyes,santiago.ramirez3207@blenkir.edu.pe,mbappe29
EST-2026-0296,3° B,Sebastián,Ramírez Ríos,sebastian.ramirez0060@blenkir.edu.pe,mbappe29
EST-2026-0422,4° C,Óscar,Ramírez Rivera,oscar.ramirez9780@blenkir.edu.pe,mbappe29
EST-2026-0513,5° B,Luciana,Ramírez Rivera,luciana.ramirez4532@blenkir.edu.pe,mbappe29
EST-2026-0108,1° D,Ruth,Ramírez Silva,ruth.ramirez6161@blenkir.edu.pe,mbappe29
EST-2026-0498,5° A,Santiago,Ramírez Vásquez,santiago.ramirez2586@blenkir.edu.pe,mbappe29
EST-2026-0651,6° C,Gladys,Reyes Cruz,gladys.reyes3827@blenkir.edu.pe,mbappe29
EST-2026-0034,1° B,Isabella,Reyes Díaz,isabella.reyes6608@blenkir.edu.pe,mbappe29
EST-2026-0187,2° C,Miguel,Reyes Espinoza,miguel.reyes5741@blenkir.edu.pe,mbappe29
EST-2026-0225,2° D,Patricia,Reyes Espinoza,patricia.reyes6060@blenkir.edu.pe,mbappe29
EST-2026-0470,4° D,Mariana,Reyes Espinoza,mariana.reyes9036@blenkir.edu.pe,mbappe29
EST-2026-0593,6° A,Andrés,Reyes Espinoza,andres.reyes3496@blenkir.edu.pe,mbappe29
EST-2026-0535,5° B,Fiorella,Reyes Flores,fiorella.reyes2246@blenkir.edu.pe,mbappe29
EST-2026-0474,4° D,Gabriel,Reyes Herrera,gabriel.reyes8072@blenkir.edu.pe,mbappe29
EST-2026-0625,6° B,Emilia,Reyes Herrera,emilia.reyes0982@blenkir.edu.pe,mbappe29
EST-2026-0239,2° D,Lucía,Reyes Herrera,lucia.reyes7835@blenkir.edu.pe,mbappe29
EST-2026-0088,1° C,Mía,Reyes Mendoza,mia.reyes5869@blenkir.edu.pe,mbappe29
EST-2026-0643,6° C,Rosa,Reyes Ramírez,rosa.reyes8567@blenkir.edu.pe,mbappe29
EST-2026-0081,1° C,Miguel,Reyes Ríos,miguel.reyes0539@blenkir.edu.pe,mbappe29
EST-2026-0180,2° B,Rosa,Reyes Rivera,rosa.reyes0770@blenkir.edu.pe,mbappe29
EST-2026-0137,2° A,Gabriel,Reyes Rojas,gabriel.reyes5188@blenkir.edu.pe,mbappe29
EST-2026-0018,1° A,Luciana,Reyes Vega,luciana.reyes6560@blenkir.edu.pe,mbappe29
EST-2026-0223,2° D,Andrés,Ríos Acosta,andres.rios3111@blenkir.edu.pe,mbappe29
EST-2026-0494,5° A,Mía,Ríos Aguilar,mia.rios6405@blenkir.edu.pe,mbappe29
EST-2026-0557,5° C,Gladys,Ríos Castro,gladys.rios5087@blenkir.edu.pe,mbappe29
EST-2026-0178,2° B,Joaquín,Ríos Fernández,joaquin.rios7817@blenkir.edu.pe,mbappe29
EST-2026-0359,3° D,Antonella,Ríos Gutiérrez,antonella.rios4140@blenkir.edu.pe,mbappe29
EST-2026-0479,4° D,Mateo,Ríos Herrera,mateo.rios2483@blenkir.edu.pe,mbappe29
EST-2026-0655,6° C,Fiorella,Ríos Huamán,fiorella.rios8721@blenkir.edu.pe,mbappe29
EST-2026-0241,3° A,Ian,Ríos López,ian.rios9554@blenkir.edu.pe,mbappe29
EST-2026-0464,4° D,Andrés,Ríos Mendoza,andres.rios9909@blenkir.edu.pe,mbappe29
EST-2026-0365,4° A,Paola,Ríos Rojas,paola.rios4622@blenkir.edu.pe,mbappe29
EST-2026-0117,1° D,Valeria,Ríos Silva,valeria.rios6705@blenkir.edu.pe,mbappe29
EST-2026-0015,1° A,Thiago,Ríos Torres,thiago.rios6210@blenkir.edu.pe,mbappe29
EST-2026-0211,2° D,Angela,Ríos Valdez,angela.rios7963@blenkir.edu.pe,mbappe29
EST-2026-0659,6° C,Ariana,Rivera Cáceres,ariana.rivera2240@blenkir.edu.pe,mbappe29
EST-2026-0621,6° B,Fiorella,Rivera Delgado,fiorella.rivera3247@blenkir.edu.pe,mbappe29
EST-2026-0092,1° D,Mía,Rivera Flores,mia.rivera4630@blenkir.edu.pe,mbappe29
EST-2026-0228,2° D,Héctor,Rivera Navarro,hector.rivera7961@blenkir.edu.pe,mbappe29
EST-2026-0334,3° D,César,Rivera Paredes,cesar.rivera4584@blenkir.edu.pe,mbappe29
EST-2026-0142,2° A,Felipe,Rivera Pérez,felipe.rivera9375@blenkir.edu.pe,mbappe29
EST-2026-0606,6° B,Alejandro,Rivera Reyes,alejandro.rivera5058@blenkir.edu.pe,mbappe29
EST-2026-0660,6° C,Eduardo,Rivera Reyes,eduardo.rivera1572@blenkir.edu.pe,mbappe29
EST-2026-0500,5° A,Santiago,Rivera Rojas,santiago.rivera2875@blenkir.edu.pe,mbappe29
EST-2026-0016,1° A,Lucía,Rivera Vega,lucia.rivera5278@blenkir.edu.pe,mbappe29
EST-2026-0099,1° D,Rosa,Rojas Acosta,rosa.rojas6366@blenkir.edu.pe,mbappe29
EST-2026-0521,5° B,Raúl,Rojas Aguilar,raul.rojas1726@blenkir.edu.pe,mbappe29
EST-2026-0531,5° B,Sofía,Rojas Castro,sofia.rojas9123@blenkir.edu.pe,mbappe29
EST-2026-0269,3° A,Camila,Rojas Delgado,camila.rojas6289@blenkir.edu.pe,mbappe29
EST-2026-0126,2° A,Renato,Rojas Espinoza,renato.rojas3051@blenkir.edu.pe,mbappe29
EST-2026-0551,5° C,Ian,Rojas Mendoza,ian.rojas7003@blenkir.edu.pe,mbappe29
EST-2026-0631,6° C,Mía,Rojas Mendoza,mia.rojas5560@blenkir.edu.pe,mbappe29
EST-2026-0485,5° A,Valentina,Rojas Morales,valentina.rojas8187@blenkir.edu.pe,mbappe29
EST-2026-0261,3° A,Emilio,Rojas Ortiz,emilio.rojas9500@blenkir.edu.pe,mbappe29
EST-2026-0146,2° A,Emilia,Rojas Rivera,emilia.rojas1787@blenkir.edu.pe,mbappe29
EST-2026-0219,2° D,Mariana,Salazar Acosta,mariana.salazar9654@blenkir.edu.pe,mbappe29
EST-2026-0079,1° C,Luciana,Salazar Aguilar,luciana.salazar8214@blenkir.edu.pe,mbappe29
EST-2026-0476,4° D,César,Salazar Aguilar,cesar.salazar2814@blenkir.edu.pe,mbappe29
EST-2026-0014,1° A,Santiago,Salazar Castro,santiago.salazar6083@blenkir.edu.pe,mbappe29
EST-2026-0520,5° B,Lucía,Salazar Cordero,lucia.salazar6733@blenkir.edu.pe,mbappe29
EST-2026-0157,2° B,Nicole,Salazar Díaz,nicole.salazar9726@blenkir.edu.pe,mbappe29
EST-2026-0189,2° C,Diego,Salazar García,diego.salazar7946@blenkir.edu.pe,mbappe29
EST-2026-0541,5° C,Patricia,Salazar García,patricia.salazar6734@blenkir.edu.pe,mbappe29
EST-2026-0442,4° C,Rosa,Salazar Herrera,rosa.salazar5358@blenkir.edu.pe,mbappe29
EST-2026-0536,5° B,Renato,Salazar Huamán,renato.salazar2239@blenkir.edu.pe,mbappe29
EST-2026-0064,1° C,Óscar,Salazar Huamán,oscar.salazar0769@blenkir.edu.pe,mbappe29
EST-2026-0626,6° B,Carmen,Salazar Medina,carmen.salazar7102@blenkir.edu.pe,mbappe29
EST-2026-0424,4° C,Marco,Salazar Navarro,marco.salazar9294@blenkir.edu.pe,mbappe29
EST-2026-0384,4° A,Héctor,Salazar Ortiz,hector.salazar6933@blenkir.edu.pe,mbappe29
EST-2026-0417,4° B,Rosa,Salazar Pérez,rosa.salazar9725@blenkir.edu.pe,mbappe29
EST-2026-0549,5° C,Lucía,Salazar Rivera,lucia.salazar8331@blenkir.edu.pe,mbappe29
EST-2026-0603,6° B,Bruno,Salazar Rivera,bruno.salazar0296@blenkir.edu.pe,mbappe29
EST-2026-0478,4° D,Luciana,Salazar Sánchez,luciana.salazar1805@blenkir.edu.pe,mbappe29
EST-2026-0402,4° B,Mateo,Salazar Sánchez,mateo.salazar5655@blenkir.edu.pe,mbappe29
EST-2026-0096,1° D,Fiorella,Salazar Sánchez,fiorella.salazar5415@blenkir.edu.pe,mbappe29
EST-2026-0209,2° C,Adrián,Salazar Sánchez,adrian.salazar5968@blenkir.edu.pe,mbappe29
EST-2026-0567,5° C,Santiago,Sánchez Condori,santiago.sanchez0783@blenkir.edu.pe,mbappe29
EST-2026-0574,6° A,Mateo,Sánchez Condori,mateo.sanchez7060@blenkir.edu.pe,mbappe29
EST-2026-0630,6° B,Eduardo,Sánchez Condori,eduardo.sanchez8122@blenkir.edu.pe,mbappe29
EST-2026-0105,1° D,Fiorella,Sánchez Cruz,fiorella.sanchez9252@blenkir.edu.pe,mbappe29
EST-2026-0294,3° B,Gladys,Sánchez Cruz,gladys.sanchez0938@blenkir.edu.pe,mbappe29
EST-2026-0291,3° B,Marco,Sánchez Delgado,marco.sanchez5094@blenkir.edu.pe,mbappe29
EST-2026-0497,5° A,Julio,Sánchez Delgado,julio.sanchez4706@blenkir.edu.pe,mbappe29
EST-2026-0035,1° B,Julio,Sánchez Espinoza,julio.sanchez3243@blenkir.edu.pe,mbappe29
EST-2026-0084,1° C,Milagros,Sánchez Espinoza,milagros.sanchez3412@blenkir.edu.pe,mbappe29
EST-2026-0556,5° C,Mía,Sánchez Fernández,mia.sanchez1683@blenkir.edu.pe,mbappe29
EST-2026-0399,4° B,Emilia,Sánchez Flores,emilia.sanchez9808@blenkir.edu.pe,mbappe29
EST-2026-0165,2° B,Patricia,Sánchez García,patricia.sanchez6541@blenkir.edu.pe,mbappe29
EST-2026-0194,2° C,Katherine,Sánchez Mamani,katherine.sanchez3686@blenkir.edu.pe,mbappe29
EST-2026-0596,6° A,Diego,Sánchez Medina,diego.sanchez9858@blenkir.edu.pe,mbappe29
EST-2026-0136,2° A,Mariana,Sánchez Morales,mariana.sanchez9676@blenkir.edu.pe,mbappe29
EST-2026-0395,4° B,Ariana,Sánchez Ríos,ariana.sanchez1703@blenkir.edu.pe,mbappe29
EST-2026-0066,1° C,Angela,Sánchez Rojas,angela.sanchez9992@blenkir.edu.pe,mbappe29
EST-2026-0387,4° A,Paola,Sánchez Salazar,paola.sanchez6805@blenkir.edu.pe,mbappe29
EST-2026-0445,4° C,Luciana,Sánchez Vásquez,luciana.sanchez4828@blenkir.edu.pe,mbappe29
EST-2026-0082,1° C,Ruth,Sánchez Vásquez,ruth.sanchez6116@blenkir.edu.pe,mbappe29
EST-2026-0344,3° D,Miguel,Sánchez Vega,miguel.sanchez7847@blenkir.edu.pe,mbappe29
EST-2026-0040,1° B,Rodrigo,Silva Cáceres,rodrigo.silva1594@blenkir.edu.pe,mbappe29
EST-2026-0073,1° C,Óscar,Silva Cáceres,oscar.silva1178@blenkir.edu.pe,mbappe29
EST-2026-0450,4° C,Camila,Silva Cruz,camila.silva4315@blenkir.edu.pe,mbappe29
EST-2026-0287,3° B,Nicole,Silva Flores,nicole.silva2834@blenkir.edu.pe,mbappe29
EST-2026-0446,4° C,Daniel,Silva Herrera,daniel.silva4413@blenkir.edu.pe,mbappe29
EST-2026-0080,1° C,Antonella,Silva López,antonella.silva7109@blenkir.edu.pe,mbappe29
EST-2026-0553,5° C,Carmen,Silva Medina,carmen.silva3985@blenkir.edu.pe,mbappe29
EST-2026-0444,4° C,Fiorella,Silva Navarro,fiorella.silva0794@blenkir.edu.pe,mbappe29
EST-2026-0484,5° A,Gladys,Silva Ortiz,gladys.silva3502@blenkir.edu.pe,mbappe29
EST-2026-0188,2° C,Sebastián,Silva Pérez,sebastian.silva5673@blenkir.edu.pe,mbappe29
EST-2026-0144,2° A,Óscar,Silva Quispe,oscar.silva2340@blenkir.edu.pe,mbappe29
EST-2026-0044,1° B,Lucía,Silva Salazar,lucia.silva6665@blenkir.edu.pe,mbappe29
EST-2026-0148,2° A,Thiago,Silva Torres,thiago.silva5405@blenkir.edu.pe,mbappe29
EST-2026-0453,4° D,Emilia,Silva Torres,emilia.silva4325@blenkir.edu.pe,mbappe29
EST-2026-0400,4° B,Joaquín,Torres Acosta,joaquin.torres3022@blenkir.edu.pe,mbappe29
EST-2026-0552,5° C,Milagros,Torres Condori,milagros.torres6617@blenkir.edu.pe,mbappe29
EST-2026-0155,2° B,Felipe,Torres Fernández,felipe.torres7449@blenkir.edu.pe,mbappe29
EST-2026-0250,3° A,Adrián,Torres Flores,adrian.torres4548@blenkir.edu.pe,mbappe29
EST-2026-0210,2° C,Marco,Torres García,marco.torres6700@blenkir.edu.pe,mbappe29
EST-2026-0197,2° C,Antonella,Torres Pérez,antonella.torres2754@blenkir.edu.pe,mbappe29
EST-2026-0302,3° C,Isabella,Torres Pérez,isabella.torres7828@blenkir.edu.pe,mbappe29
EST-2026-0379,4° A,Fiorella,Torres Rojas,fiorella.torres2256@blenkir.edu.pe,mbappe29
EST-2026-0025,1° A,Katherine,Torres Sánchez,katherine.torres7811@blenkir.edu.pe,mbappe29
EST-2026-0575,6° A,Victoria,Torres Valdez,victoria.torres6413@blenkir.edu.pe,mbappe29
EST-2026-0624,6° B,Isabella,Valdez Aguilar,isabella.valdez3894@blenkir.edu.pe,mbappe29
EST-2026-0312,3° C,Raúl,Valdez Castro,raul.valdez2841@blenkir.edu.pe,mbappe29
EST-2026-0224,2° D,Valeria,Valdez Condori,valeria.valdez5276@blenkir.edu.pe,mbappe29
EST-2026-0514,5° B,Julio,Valdez Condori,julio.valdez5302@blenkir.edu.pe,mbappe29
EST-2026-0573,6° A,Lucía,Valdez Cordero,lucia.valdez5761@blenkir.edu.pe,mbappe29
EST-2026-0362,4° A,Roxana,Valdez Flores,roxana.valdez5855@blenkir.edu.pe,mbappe29
EST-2026-0207,2° C,Rosa,Valdez Gutiérrez,rosa.valdez1067@blenkir.edu.pe,mbappe29
EST-2026-0273,3° B,Rosa,Valdez López,rosa.valdez4963@blenkir.edu.pe,mbappe29
EST-2026-0542,5° C,Adrián,Valdez Medina,adrian.valdez9488@blenkir.edu.pe,mbappe29
EST-2026-0098,1° D,Ruth,Valdez Medina,ruth.valdez0067@blenkir.edu.pe,mbappe29
EST-2026-0100,1° D,Diego,Valdez Medina,diego.valdez4303@blenkir.edu.pe,mbappe29
EST-2026-0123,2° A,Emilio,Valdez Medina,emilio.valdez7398@blenkir.edu.pe,mbappe29
EST-2026-0200,2° C,Diego,Valdez Mendoza,diego.valdez7240@blenkir.edu.pe,mbappe29
EST-2026-0368,4° A,César,Valdez Mendoza,cesar.valdez5337@blenkir.edu.pe,mbappe29
EST-2026-0648,6° C,Marco,Valdez Morales,marco.valdez4942@blenkir.edu.pe,mbappe29
EST-2026-0071,1° C,Mateo,Valdez Navarro,mateo.valdez6967@blenkir.edu.pe,mbappe29
EST-2026-0128,2° A,Nicole,Valdez Paredes,nicole.valdez3864@blenkir.edu.pe,mbappe29
EST-2026-0024,1° A,Mariana,Valdez Ramírez,mariana.valdez9869@blenkir.edu.pe,mbappe29
EST-2026-0657,6° C,Santiago,Valdez Rivera,santiago.valdez9533@blenkir.edu.pe,mbappe29
EST-2026-0454,4° D,Luciana,Valdez Rojas,luciana.valdez1270@blenkir.edu.pe,mbappe29
EST-2026-0620,6° B,Valentina,Valdez Salazar,valentina.valdez7124@blenkir.edu.pe,mbappe29
EST-2026-0429,4° C,Fiorella,Valdez Sánchez,fiorella.valdez9445@blenkir.edu.pe,mbappe29
EST-2026-0425,4° C,Roxana,Vásquez Castro,roxana.vasquez1326@blenkir.edu.pe,mbappe29
EST-2026-0116,1° D,Luciana,Vásquez Castro,luciana.vasquez9244@blenkir.edu.pe,mbappe29
EST-2026-0590,6° A,Roxana,Vásquez Castro,roxana.vasquez1269@blenkir.edu.pe,mbappe29
EST-2026-0285,3° B,Isabella,Vásquez Chávez,isabella.vasquez6938@blenkir.edu.pe,mbappe29
EST-2026-0392,4° B,Sofía,Vásquez Chávez,sofia.vasquez0792@blenkir.edu.pe,mbappe29
EST-2026-0612,6° B,Miguel,Vásquez Díaz,miguel.vasquez5166@blenkir.edu.pe,mbappe29
EST-2026-0053,1° B,Camila,Vásquez Díaz,camila.vasquez8149@blenkir.edu.pe,mbappe29
EST-2026-0161,2° B,Luciana,Vásquez Flores,luciana.vasquez3815@blenkir.edu.pe,mbappe29
EST-2026-0152,2° B,Gabriel,Vásquez García,gabriel.vasquez3416@blenkir.edu.pe,mbappe29
EST-2026-0185,2° C,Thiago,Vásquez Gutiérrez,thiago.vasquez3347@blenkir.edu.pe,mbappe29
EST-2026-0154,2° B,Julio,Vásquez Herrera,julio.vasquez1219@blenkir.edu.pe,mbappe29
EST-2026-0343,3° D,Ariana,Vásquez López,ariana.vasquez6338@blenkir.edu.pe,mbappe29
EST-2026-0391,4° B,Isabella,Vásquez López,isabella.vasquez9795@blenkir.edu.pe,mbappe29
EST-2026-0635,6° C,Angela,Vásquez Mamani,angela.vasquez1999@blenkir.edu.pe,mbappe29
EST-2026-0309,3° C,Victoria,Vásquez Medina,victoria.vasquez7314@blenkir.edu.pe,mbappe29
EST-2026-0020,1° A,Valentina,Vásquez Paredes,valentina.vasquez3474@blenkir.edu.pe,mbappe29
EST-2026-0170,2° B,Diego,Vásquez Rojas,diego.vasquez8783@blenkir.edu.pe,mbappe29
EST-2026-0415,4° B,Santiago,Vásquez Silva,santiago.vasquez6476@blenkir.edu.pe,mbappe29
EST-2026-0565,5° C,Gladys,Vásquez Silva,gladys.vasquez7472@blenkir.edu.pe,mbappe29
EST-2026-0532,5° B,Ariana,Vásquez Torres,ariana.vasquez9899@blenkir.edu.pe,mbappe29
EST-2026-0132,2° A,Nicole,Vega Cáceres,nicole.vega7392@blenkir.edu.pe,mbappe29
EST-2026-0236,2° D,Mateo,Vega Condori,mateo.vega4169@blenkir.edu.pe,mbappe29
EST-2026-0245,3° A,Sofía,Vega Cordero,sofia.vega8631@blenkir.edu.pe,mbappe29
EST-2026-0268,3° A,Isabella,Vega Cruz,isabella.vega4339@blenkir.edu.pe,mbappe29
EST-2026-0057,1° B,Alejandro,Vega Delgado,alejandro.vega8699@blenkir.edu.pe,mbappe29
EST-2026-0288,3° B,Miguel,Vega García,miguel.vega3379@blenkir.edu.pe,mbappe29
EST-2026-0319,3° C,Lucía,Vega García,lucia.vega3808@blenkir.edu.pe,mbappe29
EST-2026-0394,4° B,Roxana,Vega García,roxana.vega2570@blenkir.edu.pe,mbappe29
EST-2026-0214,2° D,Antonella,Vega Herrera,antonella.vega7571@blenkir.edu.pe,mbappe29
EST-2026-0452,4° D,Katherine,Vega Mendoza,katherine.vega5986@blenkir.edu.pe,mbappe29
EST-2026-0218,2° D,Joaquín,Vega Morales,joaquin.vega8629@blenkir.edu.pe,mbappe29
EST-2026-0361,4° A,Mateo,Vega Navarro,mateo.vega6874@blenkir.edu.pe,mbappe29
EST-2026-0083,1° C,Valeria,Vega Ramírez,valeria.vega1017@blenkir.edu.pe,mbappe29
EST-2026-0372,4° A,Gabriel,Vega Valdez,gabriel.vega7889@blenkir.edu.pe,mbappe29
EST-2026-0145,2° A,Sofía,Vega Vásquez,sofia.vega3967@blenkir.edu.pe,mbappe29