codigo,salon,nombres,apellidos,email_login,password,cuenta_activa
EST-2026-0001,1° A,Mateo,Quispe Flores,mateo.quispe0001@blenkir.edu.pe,mbappe29,si
EST-2026-0002,1° A,Valentina,Quispe Flores,valentina.quispe0002@blenkir.edu.pe,mbappe29,si
EST-2026-0003,1° A,Santiago,Quispe Flores,santiago.quispe0003@blenkir.edu.pe,mbappe29,si
EST-2026-0004,1° A,Luciana,Quispe Flores,luciana.quispe0004@blenkir.edu.pe,mbappe29,si
EST-2026-0005,1° A,Sebastián,Quispe Flores,sebastian.quispe0005@blenkir.edu.pe,mbappe29,si
EST-2026-0006,1° A,Camila,Quispe Flores,camila.quispe0006@blenkir.edu.pe,mbappe29,si
EST-2026-0007,1° A,Diego,Quispe Flores,diego.quispe0007@blenkir.edu.pe,mbappe29,si
EST-2026-0008,1° A,Isabella,Quispe Flores,isabella.quispe0008@blenkir.edu.pe,mbappe29,si
EST-2026-0009,1° A,Alejandro,Quispe Flores,alejandro.quispe0009@blenkir.edu.pe,mbappe29,si
EST-2026-0010,1° A,Sofía,Quispe Flores,sofia.quispe0010@blenkir.edu.pe,mbappe29,si
EST-2026-0011,1° A,Daniel,Quispe Flores,daniel.quispe0011@blenkir.edu.pe,mbappe29,si
EST-2026-0012,1° A,Mariana,Quispe Flores,mariana.quispe0012@blenkir.edu.pe,mbappe29,si
EST-2026-0013,1° A,Andrés,Quispe Flores,andres.quispe0013@blenkir.edu.pe,mbappe29,si
EST-2026-0014,1° A,Emilia,Quispe Flores,emilia.quispe0014@blenkir.edu.pe,mbappe29,si
EST-2026-0015,1° A,Gabriel,Quispe Flores,gabriel.quispe0015@blenkir.edu.pe,mbappe29,si
EST-2026-0016,1° A,Victoria,Quispe Flores,victoria.quispe0016@blenkir.edu.pe,mbappe29,si
EST-2026-0017,1° A,Renato,Quispe Flores,renato.quispe0017@blenkir.edu.pe,mbappe29,si
EST-2026-0018,1° A,Fiorella,Quispe Flores,fiorella.quispe0018@blenkir.edu.pe,mbappe29,si
EST-2026-0019,1° A,Bruno,Quispe Flores,bruno.quispe0019@blenkir.edu.pe,mbappe29,si
EST-2026-0020,1° A,Ariana,Quispe Flores,ariana.quispe0020@blenkir.edu.pe,mbappe29,si
EST-2026-0021,1° A,Joaquín,Quispe Flores,joaquin.quispe0021@blenkir.edu.pe,mbappe29,si
EST-2026-0022,1° A,Mía,Quispe Flores,mia.quispe0022@blenkir.edu.pe,mbappe29,si
EST-2026-0023,1° A,Thiago,Quispe Flores,thiago.quispe0023@blenkir.edu.pe,mbappe29,si
EST-2026-0024,1° A,Antonella,Quispe Flores,antonella.quispe0024@blenkir.edu.pe,mbappe29,si
EST-2026-0025,1° A,Ian,Quispe Flores,ian.quispe0025@blenkir.edu.pe,mbappe29,si
EST-2026-0026,1° A,Lucía,Quispe Flores,lucia.quispe0026@blenkir.edu.pe,mbappe29,si
EST-2026-0027,1° A,Adrián,Quispe Flores,adrian.quispe0027@blenkir.edu.pe,mbappe29,si
EST-2026-0028,1° A,Valeria,Quispe Flores,valeria.quispe0028@blenkir.edu.pe,mbappe29,si
EST-2026-0029,1° A,Emilio,Quispe Flores,emilio.quispe0029@blenkir.edu.pe,mbappe29,si
EST-2026-0030,1° A,Nicole,Quispe Flores,nicole.quispe0030@blenkir.edu.pe,mbappe29,si
EST-2026-0031,1° B,Rodrigo,Quispe Flores,rodrigo.quispe0031@blenkir.edu.pe,mbappe29,si
EST-2026-0032,1° B,Paola,Quispe Flores,paola.quispe0032@blenkir.edu.pe,mbappe29,si
EST-2026-0033,1° B,César,Quispe Flores,cesar.quispe0033@blenkir.edu.pe,mbappe29,si
EST-2026-0034,1° B,Milagros,Quispe Flores,milagros.quispe0034@blenkir.edu.pe,mbappe29,si
EST-2026-0035,1° B,Eduardo,Quispe Flores,eduardo.quispe0035@blenkir.edu.pe,mbappe29,si
EST-2026-0036,1° B,Roxana,Quispe Flores,roxana.quispe0036@blenkir.edu.pe,mbappe29,si
EST-2026-0037,1° B,Julio,Quispe Flores,julio.quispe0037@blenkir.edu.pe,mbappe29,si
EST-2026-0038,1° B,Katherine,Quispe Flores,katherine.quispe0038@blenkir.edu.pe,mbappe29,si
EST-2026-0039,1° B,Marco,Quispe Flores,marco.quispe0039@blenkir.edu.pe,mbappe29,si
EST-2026-0040,1° B,Angela,Quispe Flores,angela.quispe0040@blenkir.edu.pe,mbappe29,si
EST-2026-0041,1° B,Felipe,Quispe Flores,felipe.quispe0041@blenkir.edu.pe,mbappe29,si
EST-2026-0042,1° B,Ruth,Quispe Flores,ruth.quispe0042@blenkir.edu.pe,mbappe29,si
EST-2026-0043,1° B,Héctor,Quispe Flores,hector.quispe0043@blenkir.edu.pe,mbappe29,si
EST-2026-0044,1° B,Gladys,Quispe Flores,gladys.quispe0044@blenkir.edu.pe,mbappe29,si
EST-2026-0045,1° B,Óscar,Quispe Flores,oscar.quispe0045@blenkir.edu.pe,mbappe29,si
EST-2026-0046,1° B,Patricia,Quispe Flores,patricia.quispe0046@blenkir.edu.pe,mbappe29,si
EST-2026-0047,1° B,Raúl,Quispe Flores,raul.quispe0047@blenkir.edu.pe,mbappe29,si
EST-2026-0048,1° B,Carmen,Quispe Flores,carmen.quispe0048@blenkir.edu.pe,mbappe29,si
EST-2026-0049,1° B,Miguel,Quispe Flores,miguel.quispe0049@blenkir.edu.pe,mbappe29,si
EST-2026-0050,1° B,Rosa,Quispe Flores,rosa.quispe0050@blenkir.edu.pe,mbappe29,si
EST-2026-0051,1° B,Mateo,Flores García,mateo.flores0051@blenkir.edu.pe,mbappe29,si
EST-2026-0052,1° B,Valentina,Flores García,valentina.flores0052@blenkir.edu.pe,mbappe29,si
EST-2026-0053,1° B,Santiago,Flores García,santiago.flores0053@blenkir.edu.pe,mbappe29,si
EST-2026-0054,1° B,Luciana,Flores García,luciana.flores0054@blenkir.edu.pe,mbappe29,si
EST-2026-0055,1° B,Sebastián,Flores García,sebastian.flores0055@blenkir.edu.pe,mbappe29,si
EST-2026-0056,1° B,Camila,Flores García,camila.flores0056@blenkir.edu.pe,mbappe29,si
EST-2026-0057,1° B,Diego,Flores García,diego.flores0057@blenkir.edu.pe,mbappe29,si
EST-2026-0058,1° B,Isabella,Flores García,isabella.flores0058@blenkir.edu.pe,mbappe29,si
EST-2026-0059,1° B,Alejandro,Flores García,alejandro.flores0059@blenkir.edu.pe,mbappe29,si
EST-2026-0060,1° B,Sofía,Flores García,sofia.flores0060@blenkir.edu.pe,mbappe29,si
EST-2026-0061,1° C,Daniel,Flores García,daniel.flores0061@blenkir.edu.pe,mbappe29,si
EST-2026-0062,1° C,Mariana,Flores García,mariana.flores0062@blenkir.edu.pe,mbappe29,si
EST-2026-0063,1° C,Andrés,Flores García,andres.flores0063@blenkir.edu.pe,mbappe29,si
EST-2026-0064,1° C,Emilia,Flores García,emilia.flores0064@blenkir.edu.pe,mbappe29,si
EST-2026-0065,1° C,Gabriel,Flores García,gabriel.flores0065@blenkir.edu.pe,mbappe29,si
EST-2026-0066,1° C,Victoria,Flores García,victoria.flores0066@blenkir.edu.pe,mbappe29,si
EST-2026-0067,1° C,Renato,Flores García,renato.flores0067@blenkir.edu.pe,mbappe29,si
EST-2026-0068,1° C,Fiorella,Flores García,fiorella.flores0068@blenkir.edu.pe,mbappe29,si
EST-2026-0069,1° C,Bruno,Flores García,bruno.flores0069@blenkir.edu.pe,mbappe29,si
EST-2026-0070,1° C,Ariana,Flores García,ariana.flores0070@blenkir.edu.pe,mbappe29,si
EST-2026-0071,1° C,Joaquín,Flores García,joaquin.flores0071@blenkir.edu.pe,mbappe29,si
EST-2026-0072,1° C,Mía,Flores García,mia.flores0072@blenkir.edu.pe,mbappe29,si
EST-2026-0073,1° C,Thiago,Flores García,thiago.flores0073@blenkir.edu.pe,mbappe29,si
EST-2026-0074,1° C,Antonella,Flores García,antonella.flores0074@blenkir.edu.pe,mbappe29,si
EST-2026-0075,1° C,Ian,Flores García,ian.flores0075@blenkir.edu.pe,mbappe29,si
EST-2026-0076,1° C,Lucía,Flores García,lucia.flores0076@blenkir.edu.pe,mbappe29,si
EST-2026-0077,1° C,Adrián,Flores García,adrian.flores0077@blenkir.edu.pe,mbappe29,si
EST-2026-0078,1° C,Valeria,Flores García,valeria.flores0078@blenkir.edu.pe,mbappe29,si
EST-2026-0079,1° C,Emilio,Flores García,emilio.flores0079@blenkir.edu.pe,mbappe29,si
EST-2026-0080,1° C,Nicole,Flores García,nicole.flores0080@blenkir.edu.pe,mbappe29,si
EST-2026-0081,1° C,Rodrigo,Flores García,rodrigo.flores0081@blenkir.edu.pe,mbappe29,si
EST-2026-0082,1° C,Paola,Flores García,paola.flores0082@blenkir.edu.pe,mbappe29,si
EST-2026-0083,1° C,César,Flores García,cesar.flores0083@blenkir.edu.pe,mbappe29,si
EST-2026-0084,1° C,Milagros,Flores García,milagros.flores0084@blenkir.edu.pe,mbappe29,si
EST-2026-0085,1° C,Eduardo,Flores García,eduardo.flores0085@blenkir.edu.pe,mbappe29,si
EST-2026-0086,1° C,Roxana,Flores García,roxana.flores0086@blenkir.edu.pe,mbappe29,si
EST-2026-0087,1° C,Julio,Flores García,julio.flores0087@blenkir.edu.pe,mbappe29,si
EST-2026-0088,1° C,Katherine,Flores García,katherine.flores0088@blenkir.edu.pe,mbappe29,si
EST-2026-0089,1° C,Marco,Flores García,marco.flores0089@blenkir.edu.pe,mbappe29,si
EST-2026-0090,1° C,Angela,Flores García,angela.flores0090@blenkir.edu.pe,mbappe29,si
EST-2026-0091,1° D,Felipe,Flores García,felipe.flores0091@blenkir.edu.pe,mbappe29,si
EST-2026-0092,1° D,Ruth,Flores García,ruth.flores0092@blenkir.edu.pe,mbappe29,si
EST-2026-0093,1° D,Héctor,Flores García,hector.flores0093@blenkir.edu.pe,mbappe29,si
EST-2026-0094,1° D,Gladys,Flores García,gladys.flores0094@blenkir.edu.pe,mbappe29,si
EST-2026-0095,1° D,Óscar,Flores García,oscar.flores0095@blenkir.edu.pe,mbappe29,si
EST-2026-0096,1° D,Patricia,Flores García,patricia.flores0096@blenkir.edu.pe,mbappe29,si
EST-2026-0097,1° D,Raúl,Flores García,raul.flores0097@blenkir.edu.pe,mbappe29,si
EST-2026-0098,1° D,Carmen,Flores García,carmen.flores0098@blenkir.edu.pe,mbappe29,si
EST-2026-0099,1° D,Miguel,Flores García,miguel.flores0099@blenkir.edu.pe,mbappe29,si
EST-2026-0100,1° D,Rosa,Flores García,rosa.flores0100@blenkir.edu.pe,mbappe29,si
EST-2026-0101,1° D,Mateo,García Torres,mateo.garcia0101@blenkir.edu.pe,mbappe29,si
EST-2026-0102,1° D,Valentina,García Torres,valentina.garcia0102@blenkir.edu.pe,mbappe29,si
EST-2026-0103,1° D,Santiago,García Torres,santiago.garcia0103@blenkir.edu.pe,mbappe29,si
EST-2026-0104,1° D,Luciana,García Torres,luciana.garcia0104@blenkir.edu.pe,mbappe29,si
EST-2026-0105,1° D,Sebastián,García Torres,sebastian.garcia0105@blenkir.edu.pe,mbappe29,si
EST-2026-0106,1° D,Camila,García Torres,camila.garcia0106@blenkir.edu.pe,mbappe29,si
EST-2026-0107,1° D,Diego,García Torres,diego.garcia0107@blenkir.edu.pe,mbappe29,si
EST-2026-0108,1° D,Isabella,García Torres,isabella.garcia0108@blenkir.edu.pe,mbappe29,si
EST-2026-0109,1° D,Alejandro,García Torres,alejandro.garcia0109@blenkir.edu.pe,mbappe29,si
EST-2026-0110,1° D,Sofía,García Torres,sofia.garcia0110@blenkir.edu.pe,mbappe29,si
EST-2026-0111,1° D,Daniel,García Torres,daniel.garcia0111@blenkir.edu.pe,mbappe29,si
EST-2026-0112,1° D,Mariana,García Torres,mariana.garcia0112@blenkir.edu.pe,mbappe29,si
EST-2026-0113,1° D,Andrés,García Torres,andres.garcia0113@blenkir.edu.pe,mbappe29,si
EST-2026-0114,1° D,Emilia,García Torres,emilia.garcia0114@blenkir.edu.pe,mbappe29,si
EST-2026-0115,1° D,Gabriel,García Torres,gabriel.garcia0115@blenkir.edu.pe,mbappe29,si
EST-2026-0116,1° D,Victoria,García Torres,victoria.garcia0116@blenkir.edu.pe,mbappe29,si
EST-2026-0117,1° D,Renato,García Torres,renato.garcia0117@blenkir.edu.pe,mbappe29,si
EST-2026-0118,1° D,Fiorella,García Torres,fiorella.garcia0118@blenkir.edu.pe,mbappe29,si
EST-2026-0119,1° D,Bruno,García Torres,bruno.garcia0119@blenkir.edu.pe,mbappe29,si
EST-2026-0120,1° D,Ariana,García Torres,ariana.garcia0120@blenkir.edu.pe,mbappe29,si
EST-2026-0121,2° A,Joaquín,García Torres,joaquin.garcia0121@blenkir.edu.pe,mbappe29,si
EST-2026-0122,2° A,Mía,García Torres,mia.garcia0122@blenkir.edu.pe,mbappe29,si
EST-2026-0123,2° A,Thiago,García Torres,thiago.garcia0123@blenkir.edu.pe,mbappe29,si
EST-2026-0124,2° A,Antonella,García Torres,antonella.garcia0124@blenkir.edu.pe,mbappe29,si
EST-2026-0125,2° A,Ian,García Torres,ian.garcia0125@blenkir.edu.pe,mbappe29,si
EST-2026-0126,2° A,Lucía,García Torres,lucia.garcia0126@blenkir.edu.pe,mbappe29,si
EST-2026-0127,2° A,Adrián,García Torres,adrian.garcia0127@blenkir.edu.pe,mbappe29,si
EST-2026-0128,2° A,Valeria,García Torres,valeria.garcia0128@blenkir.edu.pe,mbappe29,si
EST-2026-0129,2° A,Emilio,García Torres,emilio.garcia0129@blenkir.edu.pe,mbappe29,si
EST-2026-0130,2° A,Nicole,García Torres,nicole.garcia0130@blenkir.edu.pe,mbappe29,si
EST-2026-0131,2° A,Rodrigo,García Torres,rodrigo.garcia0131@blenkir.edu.pe,mbappe29,si
EST-2026-0132,2° A,Paola,García Torres,paola.garcia0132@blenkir.edu.pe,mbappe29,si
EST-2026-0133,2° A,César,García Torres,cesar.garcia0133@blenkir.edu.pe,mbappe29,si
EST-2026-0134,2° A,Milagros,García Torres,milagros.garcia0134@blenkir.edu.pe,mbappe29,si
EST-2026-0135,2° A,Eduardo,García Torres,eduardo.garcia0135@blenkir.edu.pe,mbappe29,si
EST-2026-0136,2° A,Roxana,García Torres,roxana.garcia0136@blenkir.edu.pe,mbappe29,si
EST-2026-0137,2° A,Julio,García Torres,julio.garcia0137@blenkir.edu.pe,mbappe29,si
EST-2026-0138,2° A,Katherine,García Torres,katherine.garcia0138@blenkir.edu.pe,mbappe29,si
EST-2026-0139,2° A,Marco,García Torres,marco.garcia0139@blenkir.edu.pe,mbappe29,si
EST-2026-0140,2° A,Angela,García Torres,angela.garcia0140@blenkir.edu.pe,mbappe29,si
EST-2026-0141,2° A,Felipe,García Torres,felipe.garcia0141@blenkir.edu.pe,mbappe29,si
EST-2026-0142,2° A,Ruth,García Torres,ruth.garcia0142@blenkir.edu.pe,mbappe29,si
EST-2026-0143,2° A,Héctor,García Torres,hector.garcia0143@blenkir.edu.pe,mbappe29,si
EST-2026-0144,2° A,Gladys,García Torres,gladys.garcia0144@blenkir.edu.pe,mbappe29,si
EST-2026-0145,2° A,Óscar,García Torres,oscar.garcia0145@blenkir.edu.pe,mbappe29,si
EST-2026-0146,2° A,Patricia,García Torres,patricia.garcia0146@blenkir.edu.pe,mbappe29,si
EST-2026-0147,2° A,Raúl,García Torres,raul.garcia0147@blenkir.edu.pe,mbappe29,si
EST-2026-0148,2° A,Carmen,García Torres,carmen.garcia0148@blenkir.edu.pe,mbappe29,si
EST-2026-0149,2° A,Miguel,García Torres,miguel.garcia0149@blenkir.edu.pe,mbappe29,si
EST-2026-0150,2° A,Rosa,García Torres,rosa.garcia0150@blenkir.edu.pe,mbappe29,si
EST-2026-0151,2° B,Mateo,Torres Mamani,mateo.torres0151@blenkir.edu.pe,mbappe29,si
EST-2026-0152,2° B,Valentina,Torres Mamani,valentina.torres0152@blenkir.edu.pe,mbappe29,si
EST-2026-0153,2° B,Santiago,Torres Mamani,santiago.torres0153@blenkir.edu.pe,mbappe29,si
EST-2026-0154,2° B,Luciana,Torres Mamani,luciana.torres0154@blenkir.edu.pe,mbappe29,si
EST-2026-0155,2° B,Sebastián,Torres Mamani,sebastian.torres0155@blenkir.edu.pe,mbappe29,si
EST-2026-0156,2° B,Camila,Torres Mamani,camila.torres0156@blenkir.edu.pe,mbappe29,si
EST-2026-0157,2° B,Diego,Torres Mamani,diego.torres0157@blenkir.edu.pe,mbappe29,si
EST-2026-0158,2° B,Isabella,Torres Mamani,isabella.torres0158@blenkir.edu.pe,mbappe29,si
EST-2026-0159,2° B,Alejandro,Torres Mamani,alejandro.torres0159@blenkir.edu.pe,mbappe29,si
EST-2026-0160,2° B,Sofía,Torres Mamani,sofia.torres0160@blenkir.edu.pe,mbappe29,si
EST-2026-0161,2° B,Daniel,Torres Mamani,daniel.torres0161@blenkir.edu.pe,mbappe29,si
EST-2026-0162,2° B,Mariana,Torres Mamani,mariana.torres0162@blenkir.edu.pe,mbappe29,si
EST-2026-0163,2° B,Andrés,Torres Mamani,andres.torres0163@blenkir.edu.pe,mbappe29,si
EST-2026-0164,2° B,Emilia,Torres Mamani,emilia.torres0164@blenkir.edu.pe,mbappe29,si
EST-2026-0165,2° B,Gabriel,Torres Mamani,gabriel.torres0165@blenkir.edu.pe,mbappe29,si
EST-2026-0166,2° B,Victoria,Torres Mamani,victoria.torres0166@blenkir.edu.pe,mbappe29,si
EST-2026-0167,2° B,Renato,Torres Mamani,renato.torres0167@blenkir.edu.pe,mbappe29,si
EST-2026-0168,2° B,Fiorella,Torres Mamani,fiorella.torres0168@blenkir.edu.pe,mbappe29,si
EST-2026-0169,2° B,Bruno,Torres Mamani,bruno.torres0169@blenkir.edu.pe,mbappe29,si
EST-2026-0170,2° B,Ariana,Torres Mamani,ariana.torres0170@blenkir.edu.pe,mbappe29,si
EST-2026-0171,2° B,Joaquín,Torres Mamani,joaquin.torres0171@blenkir.edu.pe,mbappe29,si
EST-2026-0172,2° B,Mía,Torres Mamani,mia.torres0172@blenkir.edu.pe,mbappe29,si
EST-2026-0173,2° B,Thiago,Torres Mamani,thiago.torres0173@blenkir.edu.pe,mbappe29,si
EST-2026-0174,2° B,Antonella,Torres Mamani,antonella.torres0174@blenkir.edu.pe,mbappe29,si
EST-2026-0175,2° B,Ian,Torres Mamani,ian.torres0175@blenkir.edu.pe,mbappe29,si
EST-2026-0176,2° B,Lucía,Torres Mamani,lucia.torres0176@blenkir.edu.pe,mbappe29,si
EST-2026-0177,2° B,Adrián,Torres Mamani,adrian.torres0177@blenkir.edu.pe,mbappe29,si
EST-2026-0178,2° B,Valeria,Torres Mamani,valeria.torres0178@blenkir.edu.pe,mbappe29,si
EST-2026-0179,2° B,Emilio,Torres Mamani,emilio.torres0179@blenkir.edu.pe,mbappe29,si
EST-2026-0180,2° B,Nicole,Torres Mamani,nicole.torres0180@blenkir.edu.pe,mbappe29,si
EST-2026-0181,2° C,Rodrigo,Torres Mamani,rodrigo.torres0181@blenkir.edu.pe,mbappe29,si
EST-2026-0182,2° C,Paola,Torres Mamani,paola.torres0182@blenkir.edu.pe,mbappe29,si
EST-2026-0183,2° C,César,Torres Mamani,cesar.torres0183@blenkir.edu.pe,mbappe29,si
EST-2026-0184,2° C,Milagros,Torres Mamani,milagros.torres0184@blenkir.edu.pe,mbappe29,si
EST-2026-0185,2° C,Eduardo,Torres Mamani,eduardo.torres0185@blenkir.edu.pe,mbappe29,si
EST-2026-0186,2° C,Roxana,Torres Mamani,roxana.torres0186@blenkir.edu.pe,mbappe29,si
EST-2026-0187,2° C,Julio,Torres Mamani,julio.torres0187@blenkir.edu.pe,mbappe29,si
EST-2026-0188,2° C,Katherine,Torres Mamani,katherine.torres0188@blenkir.edu.pe,mbappe29,si
EST-2026-0189,2° C,Marco,Torres Mamani,marco.torres0189@blenkir.edu.pe,mbappe29,si
EST-2026-0190,2° C,Angela,Torres Mamani,angela.torres0190@blenkir.edu.pe,mbappe29,si
EST-2026-0191,2° C,Felipe,Torres Mamani,felipe.torres0191@blenkir.edu.pe,mbappe29,si
EST-2026-0192,2° C,Ruth,Torres Mamani,ruth.torres0192@blenkir.edu.pe,mbappe29,si
EST-2026-0193,2° C,Héctor,Torres Mamani,hector.torres0193@blenkir.edu.pe,mbappe29,si
EST-2026-0194,2° C,Gladys,Torres Mamani,gladys.torres0194@blenkir.edu.pe,mbappe29,si
EST-2026-0195,2° C,Óscar,Torres Mamani,oscar.torres0195@blenkir.edu.pe,mbappe29,si
EST-2026-0196,2° C,Patricia,Torres Mamani,patricia.torres0196@blenkir.edu.pe,mbappe29,si
EST-2026-0197,2° C,Raúl,Torres Mamani,raul.torres0197@blenkir.edu.pe,mbappe29,si
EST-2026-0198,2° C,Carmen,Torres Mamani,carmen.torres0198@blenkir.edu.pe,mbappe29,si
EST-2026-0199,2° C,Miguel,Torres Mamani,miguel.torres0199@blenkir.edu.pe,mbappe29,si
EST-2026-0200,2° C,Rosa,Torres Mamani,rosa.torres0200@blenkir.edu.pe,mbappe29,si
EST-2026-0201,2° C,Mateo,Mamani Rojas,mateo.mamani0201@blenkir.edu.pe,mbappe29,si
EST-2026-0202,2° C,Valentina,Mamani Rojas,valentina.mamani0202@blenkir.edu.pe,mbappe29,si
EST-2026-0203,2° C,Santiago,Mamani Rojas,santiago.mamani0203@blenkir.edu.pe,mbappe29,si
EST-2026-0204,2° C,Luciana,Mamani Rojas,luciana.mamani0204@blenkir.edu.pe,mbappe29,si
EST-2026-0205,2° C,Sebastián,Mamani Rojas,sebastian.mamani0205@blenkir.edu.pe,mbappe29,si
EST-2026-0206,2° C,Camila,Mamani Rojas,camila.mamani0206@blenkir.edu.pe,mbappe29,si
EST-2026-0207,2° C,Diego,Mamani Rojas,diego.mamani0207@blenkir.edu.pe,mbappe29,si
EST-2026-0208,2° C,Isabella,Mamani Rojas,isabella.mamani0208@blenkir.edu.pe,mbappe29,si
EST-2026-0209,2° C,Alejandro,Mamani Rojas,alejandro.mamani0209@blenkir.edu.pe,mbappe29,si
EST-2026-0210,2° C,Sofía,Mamani Rojas,sofia.mamani0210@blenkir.edu.pe,mbappe29,si
EST-2026-0211,2° D,Daniel,Mamani Rojas,daniel.mamani0211@blenkir.edu.pe,mbappe29,si
EST-2026-0212,2° D,Mariana,Mamani Rojas,mariana.mamani0212@blenkir.edu.pe,mbappe29,si
EST-2026-0213,2° D,Andrés,Mamani Rojas,andres.mamani0213@blenkir.edu.pe,mbappe29,si
EST-2026-0214,2° D,Emilia,Mamani Rojas,emilia.mamani0214@blenkir.edu.pe,mbappe29,si
EST-2026-0215,2° D,Gabriel,Mamani Rojas,gabriel.mamani0215@blenkir.edu.pe,mbappe29,si
EST-2026-0216,2° D,Victoria,Mamani Rojas,victoria.mamani0216@blenkir.edu.pe,mbappe29,si
EST-2026-0217,2° D,Renato,Mamani Rojas,renato.mamani0217@blenkir.edu.pe,mbappe29,si
EST-2026-0218,2° D,Fiorella,Mamani Rojas,fiorella.mamani0218@blenkir.edu.pe,mbappe29,si
EST-2026-0219,2° D,Bruno,Mamani Rojas,bruno.mamani0219@blenkir.edu.pe,mbappe29,si
EST-2026-0220,2° D,Ariana,Mamani Rojas,ariana.mamani0220@blenkir.edu.pe,mbappe29,si
EST-2026-0221,2° D,Joaquín,Mamani Rojas,joaquin.mamani0221@blenkir.edu.pe,mbappe29,si
EST-2026-0222,2° D,Mía,Mamani Rojas,mia.mamani0222@blenkir.edu.pe,mbappe29,si
EST-2026-0223,2° D,Thiago,Mamani Rojas,thiago.mamani0223@blenkir.edu.pe,mbappe29,si
EST-2026-0224,2° D,Antonella,Mamani Rojas,antonella.mamani0224@blenkir.edu.pe,mbappe29,si
EST-2026-0225,2° D,Ian,Mamani Rojas,ian.mamani0225@blenkir.edu.pe,mbappe29,si
EST-2026-0226,2° D,Lucía,Mamani Rojas,lucia.mamani0226@blenkir.edu.pe,mbappe29,si
EST-2026-0227,2° D,Adrián,Mamani Rojas,adrian.mamani0227@blenkir.edu.pe,mbappe29,si
EST-2026-0228,2° D,Valeria,Mamani Rojas,valeria.mamani0228@blenkir.edu.pe,mbappe29,si
EST-2026-0229,2° D,Emilio,Mamani Rojas,emilio.mamani0229@blenkir.edu.pe,mbappe29,si
EST-2026-0230,2° D,Nicole,Mamani Rojas,nicole.mamani0230@blenkir.edu.pe,mbappe29,si
EST-2026-0231,2° D,Rodrigo,Mamani Rojas,rodrigo.mamani0231@blenkir.edu.pe,mbappe29,si
EST-2026-0232,2° D,Paola,Mamani Rojas,paola.mamani0232@blenkir.edu.pe,mbappe29,si
EST-2026-0233,2° D,César,Mamani Rojas,cesar.mamani0233@blenkir.edu.pe,mbappe29,si
EST-2026-0234,2° D,Milagros,Mamani Rojas,milagros.mamani0234@blenkir.edu.pe,mbappe29,si
EST-2026-0235,2° D,Eduardo,Mamani Rojas,eduardo.mamani0235@blenkir.edu.pe,mbappe29,si
EST-2026-0236,2° D,Roxana,Mamani Rojas,roxana.mamani0236@blenkir.edu.pe,mbappe29,si
EST-2026-0237,2° D,Julio,Mamani Rojas,julio.mamani0237@blenkir.edu.pe,mbappe29,si
EST-2026-0238,2° D,Katherine,Mamani Rojas,katherine.mamani0238@blenkir.edu.pe,mbappe29,si
EST-2026-0239,2° D,Marco,Mamani Rojas,marco.mamani0239@blenkir.edu.pe,mbappe29,si
EST-2026-0240,2° D,Angela,Mamani Rojas,angela.mamani0240@blenkir.edu.pe,mbappe29,si
EST-2026-0241,3° A,Felipe,Mamani Rojas,felipe.mamani0241@blenkir.edu.pe,mbappe29,si
EST-2026-0242,3° A,Ruth,Mamani Rojas,ruth.mamani0242@blenkir.edu.pe,mbappe29,si
EST-2026-0243,3° A,Héctor,Mamani Rojas,hector.mamani0243@blenkir.edu.pe,mbappe29,si
EST-2026-0244,3° A,Gladys,Mamani Rojas,gladys.mamani0244@blenkir.edu.pe,mbappe29,si
EST-2026-0245,3° A,Óscar,Mamani Rojas,oscar.mamani0245@blenkir.edu.pe,mbappe29,si
EST-2026-0246,3° A,Patricia,Mamani Rojas,patricia.mamani0246@blenkir.edu.pe,mbappe29,si
EST-2026-0247,3° A,Raúl,Mamani Rojas,raul.mamani0247@blenkir.edu.pe,mbappe29,si
EST-2026-0248,3° A,Carmen,Mamani Rojas,carmen.mamani0248@blenkir.edu.pe,mbappe29,si
EST-2026-0249,3° A,Miguel,Mamani Rojas,miguel.mamani0249@blenkir.edu.pe,mbappe29,si
EST-2026-0250,3° A,Rosa,Mamani Rojas,rosa.mamani0250@blenkir.edu.pe,mbappe29,si
EST-2026-0251,3° A,Mateo,Rojas Díaz,mateo.rojas0251@blenkir.edu.pe,mbappe29,si
EST-2026-0252,3° A,Valentina,Rojas Díaz,valentina.rojas0252@blenkir.edu.pe,mbappe29,si
EST-2026-0253,3° A,Santiago,Rojas Díaz,santiago.rojas0253@blenkir.edu.pe,mbappe29,si
EST-2026-0254,3° A,Luciana,Rojas Díaz,luciana.rojas0254@blenkir.edu.pe,mbappe29,si
EST-2026-0255,3° A,Sebastián,Rojas Díaz,sebastian.rojas0255@blenkir.edu.pe,mbappe29,si
EST-2026-0256,3° A,Camila,Rojas Díaz,camila.rojas0256@blenkir.edu.pe,mbappe29,si
EST-2026-0257,3° A,Diego,Rojas Díaz,diego.rojas0257@blenkir.edu.pe,mbappe29,si
EST-2026-0258,3° A,Isabella,Rojas Díaz,isabella.rojas0258@blenkir.edu.pe,mbappe29,si
EST-2026-0259,3° A,Alejandro,Rojas Díaz,alejandro.rojas0259@blenkir.edu.pe,mbappe29,si
EST-2026-0260,3° A,Sofía,Rojas Díaz,sofia.rojas0260@blenkir.edu.pe,mbappe29,si
EST-2026-0261,3° A,Daniel,Rojas Díaz,daniel.rojas0261@blenkir.edu.pe,mbappe29,si
EST-2026-0262,3° A,Mariana,Rojas Díaz,mariana.rojas0262@blenkir.edu.pe,mbappe29,si
EST-2026-0263,3° A,Andrés,Rojas Díaz,andres.rojas0263@blenkir.edu.pe,mbappe29,si
EST-2026-0264,3° A,Emilia,Rojas Díaz,emilia.rojas0264@blenkir.edu.pe,mbappe29,si
EST-2026-0265,3° A,Gabriel,Rojas Díaz,gabriel.rojas0265@blenkir.edu.pe,mbappe29,si
EST-2026-0266,3° A,Victoria,Rojas Díaz,victoria.rojas0266@blenkir.edu.pe,mbappe29,si
EST-2026-0267,3° A,Renato,Rojas Díaz,renato.rojas0267@blenkir.edu.pe,mbappe29,si
EST-2026-0268,3° A,Fiorella,Rojas Díaz,fiorella.rojas0268@blenkir.edu.pe,mbappe29,si
EST-2026-0269,3° A,Bruno,Rojas Díaz,bruno.rojas0269@blenkir.edu.pe,mbappe29,si
EST-2026-0270,3° A,Ariana,Rojas Díaz,ariana.rojas0270@blenkir.edu.pe,mbappe29,si
EST-2026-0271,3° B,Joaquín,Rojas Díaz,joaquin.rojas0271@blenkir.edu.pe,mbappe29,si
EST-2026-0272,3° B,Mía,Rojas Díaz,mia.rojas0272@blenkir.edu.pe,mbappe29,si
EST-2026-0273,3° B,Thiago,Rojas Díaz,thiago.rojas0273@blenkir.edu.pe,mbappe29,si
EST-2026-0274,3° B,Antonella,Rojas Díaz,antonella.rojas0274@blenkir.edu.pe,mbappe29,si
EST-2026-0275,3° B,Ian,Rojas Díaz,ian.rojas0275@blenkir.edu.pe,mbappe29,si
EST-2026-0276,3° B,Lucía,Rojas Díaz,lucia.rojas0276@blenkir.edu.pe,mbappe29,si
EST-2026-0277,3° B,Adrián,Rojas Díaz,adrian.rojas0277@blenkir.edu.pe,mbappe29,si
EST-2026-0278,3° B,Valeria,Rojas Díaz,valeria.rojas0278@blenkir.edu.pe,mbappe29,si
EST-2026-0279,3° B,Emilio,Rojas Díaz,emilio.rojas0279@blenkir.edu.pe,mbappe29,si
EST-2026-0280,3° B,Nicole,Rojas Díaz,nicole.rojas0280@blenkir.edu.pe,mbappe29,si
EST-2026-0281,3° B,Rodrigo,Rojas Díaz,rodrigo.rojas0281@blenkir.edu.pe,mbappe29,si
EST-2026-0282,3° B,Paola,Rojas Díaz,paola.rojas0282@blenkir.edu.pe,mbappe29,si
EST-2026-0283,3° B,César,Rojas Díaz,cesar.rojas0283@blenkir.edu.pe,mbappe29,si
EST-2026-0284,3° B,Milagros,Rojas Díaz,milagros.rojas0284@blenkir.edu.pe,mbappe29,si
EST-2026-0285,3° B,Eduardo,Rojas Díaz,eduardo.rojas0285@blenkir.edu.pe,mbappe29,si
EST-2026-0286,3° B,Roxana,Rojas Díaz,roxana.rojas0286@blenkir.edu.pe,mbappe29,si
EST-2026-0287,3° B,Julio,Rojas Díaz,julio.rojas0287@blenkir.edu.pe,mbappe29,si
EST-2026-0288,3° B,Katherine,Rojas Díaz,katherine.rojas0288@blenkir.edu.pe,mbappe29,si
EST-2026-0289,3° B,Marco,Rojas Díaz,marco.rojas0289@blenkir.edu.pe,mbappe29,si
EST-2026-0290,3° B,Angela,Rojas Díaz,angela.rojas0290@blenkir.edu.pe,mbappe29,si
EST-2026-0291,3° B,Felipe,Rojas Díaz,felipe.rojas0291@blenkir.edu.pe,mbappe29,si
EST-2026-0292,3° B,Ruth,Rojas Díaz,ruth.rojas0292@blenkir.edu.pe,mbappe29,si
EST-2026-0293,3° B,Héctor,Rojas Díaz,hector.rojas0293@blenkir.edu.pe,mbappe29,si
EST-2026-0294,3° B,Gladys,Rojas Díaz,gladys.rojas0294@blenkir.edu.pe,mbappe29,si
EST-2026-0295,3° B,Óscar,Rojas Díaz,oscar.rojas0295@blenkir.edu.pe,mbappe29,si
EST-2026-0296,3° B,Patricia,Rojas Díaz,patricia.rojas0296@blenkir.edu.pe,mbappe29,si
EST-2026-0297,3° B,Raúl,Rojas Díaz,raul.rojas0297@blenkir.edu.pe,mbappe29,si
EST-2026-0298,3° B,Carmen,Rojas Díaz,carmen.rojas0298@blenkir.edu.pe,mbappe29,si
EST-2026-0299,3° B,Miguel,Rojas Díaz,miguel.rojas0299@blenkir.edu.pe,mbappe29,si
EST-2026-0300,3° B,Rosa,Rojas Díaz,rosa.rojas0300@blenkir.edu.pe,mbappe29,si
EST-2026-0301,3° C,Mateo,Díaz Chávez,mateo.diaz0301@blenkir.edu.pe,mbappe29,si
EST-2026-0302,3° C,Valentina,Díaz Chávez,valentina.diaz0302@blenkir.edu.pe,mbappe29,si
EST-2026-0303,3° C,Santiago,Díaz Chávez,santiago.diaz0303@blenkir.edu.pe,mbappe29,si
EST-2026-0304,3° C,Luciana,Díaz Chávez,luciana.diaz0304@blenkir.edu.pe,mbappe29,si
EST-2026-0305,3° C,Sebastián,Díaz Chávez,sebastian.diaz0305@blenkir.edu.pe,mbappe29,si
EST-2026-0306,3° C,Camila,Díaz Chávez,camila.diaz0306@blenkir.edu.pe,mbappe29,si
EST-2026-0307,3° C,Diego,Díaz Chávez,diego.diaz0307@blenkir.edu.pe,mbappe29,si
EST-2026-0308,3° C,Isabella,Díaz Chávez,isabella.diaz0308@blenkir.edu.pe,mbappe29,si
EST-2026-0309,3° C,Alejandro,Díaz Chávez,alejandro.diaz0309@blenkir.edu.pe,mbappe29,si
EST-2026-0310,3° C,Sofía,Díaz Chávez,sofia.diaz0310@blenkir.edu.pe,mbappe29,si
EST-2026-0311,3° C,Daniel,Díaz Chávez,daniel.diaz0311@blenkir.edu.pe,mbappe29,si
EST-2026-0312,3° C,Mariana,Díaz Chávez,mariana.diaz0312@blenkir.edu.pe,mbappe29,si
EST-2026-0313,3° C,Andrés,Díaz Chávez,andres.diaz0313@blenkir.edu.pe,mbappe29,si
EST-2026-0314,3° C,Emilia,Díaz Chávez,emilia.diaz0314@blenkir.edu.pe,mbappe29,si
EST-2026-0315,3° C,Gabriel,Díaz Chávez,gabriel.diaz0315@blenkir.edu.pe,mbappe29,si
EST-2026-0316,3° C,Victoria,Díaz Chávez,victoria.diaz0316@blenkir.edu.pe,mbappe29,si
EST-2026-0317,3° C,Renato,Díaz Chávez,renato.diaz0317@blenkir.edu.pe,mbappe29,si
EST-2026-0318,3° C,Fiorella,Díaz Chávez,fiorella.diaz0318@blenkir.edu.pe,mbappe29,si
EST-2026-0319,3° C,Bruno,Díaz Chávez,bruno.diaz0319@blenkir.edu.pe,mbappe29,si
EST-2026-0320,3° C,Ariana,Díaz Chávez,ariana.diaz0320@blenkir.edu.pe,mbappe29,si
EST-2026-0321,3° C,Joaquín,Díaz Chávez,joaquin.diaz0321@blenkir.edu.pe,mbappe29,si
EST-2026-0322,3° C,Mía,Díaz Chávez,mia.diaz0322@blenkir.edu.pe,mbappe29,si
EST-2026-0323,3° C,Thiago,Díaz Chávez,thiago.diaz0323@blenkir.edu.pe,mbappe29,si
EST-2026-0324,3° C,Antonella,Díaz Chávez,antonella.diaz0324@blenkir.edu.pe,mbappe29,si
EST-2026-0325,3° C,Ian,Díaz Chávez,ian.diaz0325@blenkir.edu.pe,mbappe29,si
EST-2026-0326,3° C,Lucía,Díaz Chávez,lucia.diaz0326@blenkir.edu.pe,mbappe29,si
EST-2026-0327,3° C,Adrián,Díaz Chávez,adrian.diaz0327@blenkir.edu.pe,mbappe29,si
EST-2026-0328,3° C,Valeria,Díaz Chávez,valeria.diaz0328@blenkir.edu.pe,mbappe29,si
EST-2026-0329,3° C,Emilio,Díaz Chávez,emilio.diaz0329@blenkir.edu.pe,mbappe29,si
EST-2026-0330,3° C,Nicole,Díaz Chávez,nicole.diaz0330@blenkir.edu.pe,mbappe29,si
EST-2026-0331,3° D,Rodrigo,Díaz Chávez,rodrigo.diaz0331@blenkir.edu.pe,mbappe29,si
EST-2026-0332,3° D,Paola,Díaz Chávez,paola.diaz0332@blenkir.edu.pe,mbappe29,si
EST-2026-0333,3° D,César,Díaz Chávez,cesar.diaz0333@blenkir.edu.pe,mbappe29,si
EST-2026-0334,3° D,Milagros,Díaz Chávez,milagros.diaz0334@blenkir.edu.pe,mbappe29,si
EST-2026-0335,3° D,Eduardo,Díaz Chávez,eduardo.diaz0335@blenkir.edu.pe,mbappe29,si
EST-2026-0336,3° D,Roxana,Díaz Chávez,roxana.diaz0336@blenkir.edu.pe,mbappe29,si
EST-2026-0337,3° D,Julio,Díaz Chávez,julio.diaz0337@blenkir.edu.pe,mbappe29,si
EST-2026-0338,3° D,Katherine,Díaz Chávez,katherine.diaz0338@blenkir.edu.pe,mbappe29,si
EST-2026-0339,3° D,Marco,Díaz Chávez,marco.diaz0339@blenkir.edu.pe,mbappe29,si
EST-2026-0340,3° D,Angela,Díaz Chávez,angela.diaz0340@blenkir.edu.pe,mbappe29,si
EST-2026-0341,3° D,Felipe,Díaz Chávez,felipe.diaz0341@blenkir.edu.pe,mbappe29,si
EST-2026-0342,3° D,Ruth,Díaz Chávez,ruth.diaz0342@blenkir.edu.pe,mbappe29,si
EST-2026-0343,3° D,Héctor,Díaz Chávez,hector.diaz0343@blenkir.edu.pe,mbappe29,si
EST-2026-0344,3° D,Gladys,Díaz Chávez,gladys.diaz0344@blenkir.edu.pe,mbappe29,si
EST-2026-0345,3° D,Óscar,Díaz Chávez,oscar.diaz0345@blenkir.edu.pe,mbappe29,si
EST-2026-0346,3° D,Patricia,Díaz Chávez,patricia.diaz0346@blenkir.edu.pe,mbappe29,si
EST-2026-0347,3° D,Raúl,Díaz Chávez,raul.diaz0347@blenkir.edu.pe,mbappe29,si
EST-2026-0348,3° D,Carmen,Díaz Chávez,carmen.diaz0348@blenkir.edu.pe,mbappe29,si
EST-2026-0349,3° D,Miguel,Díaz Chávez,miguel.diaz0349@blenkir.edu.pe,mbappe29,si
EST-2026-0350,3° D,Rosa,Díaz Chávez,rosa.diaz0350@blenkir.edu.pe,mbappe29,si
EST-2026-0351,3° D,Mateo,Chávez Vega,mateo.chavez0351@blenkir.edu.pe,mbappe29,si
EST-2026-0352,3° D,Valentina,Chávez Vega,valentina.chavez0352@blenkir.edu.pe,mbappe29,si
EST-2026-0353,3° D,Santiago,Chávez Vega,santiago.chavez0353@blenkir.edu.pe,mbappe29,si
EST-2026-0354,3° D,Luciana,Chávez Vega,luciana.chavez0354@blenkir.edu.pe,mbappe29,si
EST-2026-0355,3° D,Sebastián,Chávez Vega,sebastian.chavez0355@blenkir.edu.pe,mbappe29,si
EST-2026-0356,3° D,Camila,Chávez Vega,camila.chavez0356@blenkir.edu.pe,mbappe29,si
EST-2026-0357,3° D,Diego,Chávez Vega,diego.chavez0357@blenkir.edu.pe,mbappe29,si
EST-2026-0358,3° D,Isabella,Chávez Vega,isabella.chavez0358@blenkir.edu.pe,mbappe29,si
EST-2026-0359,3° D,Alejandro,Chávez Vega,alejandro.chavez0359@blenkir.edu.pe,mbappe29,si
EST-2026-0360,3° D,Sofía,Chávez Vega,sofia.chavez0360@blenkir.edu.pe,mbappe29,si
EST-2026-0361,4° A,Daniel,Chávez Vega,daniel.chavez0361@blenkir.edu.pe,mbappe29,si
EST-2026-0362,4° A,Mariana,Chávez Vega,mariana.chavez0362@blenkir.edu.pe,mbappe29,si
EST-2026-0363,4° A,Andrés,Chávez Vega,andres.chavez0363@blenkir.edu.pe,mbappe29,si
EST-2026-0364,4° A,Emilia,Chávez Vega,emilia.chavez0364@blenkir.edu.pe,mbappe29,si
EST-2026-0365,4° A,Gabriel,Chávez Vega,gabriel.chavez0365@blenkir.edu.pe,mbappe29,si
EST-2026-0366,4° A,Victoria,Chávez Vega,victoria.chavez0366@blenkir.edu.pe,mbappe29,si
EST-2026-0367,4° A,Renato,Chávez Vega,renato.chavez0367@blenkir.edu.pe,mbappe29,si
EST-2026-0368,4° A,Fiorella,Chávez Vega,fiorella.chavez0368@blenkir.edu.pe,mbappe29,si
EST-2026-0369,4° A,Bruno,Chávez Vega,bruno.chavez0369@blenkir.edu.pe,mbappe29,si
EST-2026-0370,4° A,Ariana,Chávez Vega,ariana.chavez0370@blenkir.edu.pe,mbappe29,si
EST-2026-0371,4° A,Joaquín,Chávez Vega,joaquin.chavez0371@blenkir.edu.pe,mbappe29,si
EST-2026-0372,4° A,Mía,Chávez Vega,mia.chavez0372@blenkir.edu.pe,mbappe29,si
EST-2026-0373,4° A,Thiago,Chávez Vega,thiago.chavez0373@blenkir.edu.pe,mbappe29,si
EST-2026-0374,4° A,Antonella,Chávez Vega,antonella.chavez0374@blenkir.edu.pe,mbappe29,si
EST-2026-0375,4° A,Ian,Chávez Vega,ian.chavez0375@blenkir.edu.pe,mbappe29,si
EST-2026-0376,4° A,Lucía,Chávez Vega,lucia.chavez0376@blenkir.edu.pe,mbappe29,si
EST-2026-0377,4° A,Adrián,Chávez Vega,adrian.chavez0377@blenkir.edu.pe,mbappe29,si
EST-2026-0378,4° A,Valeria,Chávez Vega,valeria.chavez0378@blenkir.edu.pe,mbappe29,si
EST-2026-0379,4° A,Emilio,Chávez Vega,emilio.chavez0379@blenkir.edu.pe,mbappe29,si
EST-2026-0380,4° A,Nicole,Chávez Vega,nicole.chavez0380@blenkir.edu.pe,mbappe29,si
EST-2026-0381,4° A,Rodrigo,Chávez Vega,rodrigo.chavez0381@blenkir.edu.pe,mbappe29,si
EST-2026-0382,4° A,Paola,Chávez Vega,paola.chavez0382@blenkir.edu.pe,mbappe29,si
EST-2026-0383,4° A,César,Chávez Vega,cesar.chavez0383@blenkir.edu.pe,mbappe29,si
EST-2026-0384,4° A,Milagros,Chávez Vega,milagros.chavez0384@blenkir.edu.pe,mbappe29,si
EST-2026-0385,4° A,Eduardo,Chávez Vega,eduardo.chavez0385@blenkir.edu.pe,mbappe29,si
EST-2026-0386,4° A,Roxana,Chávez Vega,roxana.chavez0386@blenkir.edu.pe,mbappe29,si
EST-2026-0387,4° A,Julio,Chávez Vega,julio.chavez0387@blenkir.edu.pe,mbappe29,si
EST-2026-0388,4° A,Katherine,Chávez Vega,katherine.chavez0388@blenkir.edu.pe,mbappe29,si
EST-2026-0389,4° A,Marco,Chávez Vega,marco.chavez0389@blenkir.edu.pe,mbappe29,si
EST-2026-0390,4° A,Angela,Chávez Vega,angela.chavez0390@blenkir.edu.pe,mbappe29,si
EST-2026-0391,4° B,Felipe,Chávez Vega,felipe.chavez0391@blenkir.edu.pe,mbappe29,si
EST-2026-0392,4° B,Ruth,Chávez Vega,ruth.chavez0392@blenkir.edu.pe,mbappe29,si
EST-2026-0393,4° B,Héctor,Chávez Vega,hector.chavez0393@blenkir.edu.pe,mbappe29,si
EST-2026-0394,4° B,Gladys,Chávez Vega,gladys.chavez0394@blenkir.edu.pe,mbappe29,si
EST-2026-0395,4° B,Óscar,Chávez Vega,oscar.chavez0395@blenkir.edu.pe,mbappe29,si
EST-2026-0396,4° B,Patricia,Chávez Vega,patricia.chavez0396@blenkir.edu.pe,mbappe29,si
EST-2026-0397,4° B,Raúl,Chávez Vega,raul.chavez0397@blenkir.edu.pe,mbappe29,si
EST-2026-0398,4° B,Carmen,Chávez Vega,carmen.chavez0398@blenkir.edu.pe,mbappe29,si
EST-2026-0399,4° B,Miguel,Chávez Vega,miguel.chavez0399@blenkir.edu.pe,mbappe29,si
EST-2026-0400,4° B,Rosa,Chávez Vega,rosa.chavez0400@blenkir.edu.pe,mbappe29,si
EST-2026-0401,4° B,Mateo,Vega Castro,mateo.vega0401@blenkir.edu.pe,mbappe29,si
EST-2026-0402,4° B,Valentina,Vega Castro,valentina.vega0402@blenkir.edu.pe,mbappe29,si
EST-2026-0403,4° B,Santiago,Vega Castro,santiago.vega0403@blenkir.edu.pe,mbappe29,si
EST-2026-0404,4° B,Luciana,Vega Castro,luciana.vega0404@blenkir.edu.pe,mbappe29,si
EST-2026-0405,4° B,Sebastián,Vega Castro,sebastian.vega0405@blenkir.edu.pe,mbappe29,si
EST-2026-0406,4° B,Camila,Vega Castro,camila.vega0406@blenkir.edu.pe,mbappe29,si
EST-2026-0407,4° B,Diego,Vega Castro,diego.vega0407@blenkir.edu.pe,mbappe29,si
EST-2026-0408,4° B,Isabella,Vega Castro,isabella.vega0408@blenkir.edu.pe,mbappe29,si
EST-2026-0409,4° B,Alejandro,Vega Castro,alejandro.vega0409@blenkir.edu.pe,mbappe29,si
EST-2026-0410,4° B,Sofía,Vega Castro,sofia.vega0410@blenkir.edu.pe,mbappe29,si
EST-2026-0411,4° B,Daniel,Vega Castro,daniel.vega0411@blenkir.edu.pe,mbappe29,si
EST-2026-0412,4° B,Mariana,Vega Castro,mariana.vega0412@blenkir.edu.pe,mbappe29,si
EST-2026-0413,4° B,Andrés,Vega Castro,andres.vega0413@blenkir.edu.pe,mbappe29,si
EST-2026-0414,4° B,Emilia,Vega Castro,emilia.vega0414@blenkir.edu.pe,mbappe29,si
EST-2026-0415,4° B,Gabriel,Vega Castro,gabriel.vega0415@blenkir.edu.pe,mbappe29,si
EST-2026-0416,4° B,Victoria,Vega Castro,victoria.vega0416@blenkir.edu.pe,mbappe29,si
EST-2026-0417,4° B,Renato,Vega Castro,renato.vega0417@blenkir.edu.pe,mbappe29,si
EST-2026-0418,4° B,Fiorella,Vega Castro,fiorella.vega0418@blenkir.edu.pe,mbappe29,si
EST-2026-0419,4° B,Bruno,Vega Castro,bruno.vega0419@blenkir.edu.pe,mbappe29,si
EST-2026-0420,4° B,Ariana,Vega Castro,ariana.vega0420@blenkir.edu.pe,mbappe29,si
EST-2026-0421,4° C,Joaquín,Vega Castro,joaquin.vega0421@blenkir.edu.pe,mbappe29,si
EST-2026-0422,4° C,Mía,Vega Castro,mia.vega0422@blenkir.edu.pe,mbappe29,si
EST-2026-0423,4° C,Thiago,Vega Castro,thiago.vega0423@blenkir.edu.pe,mbappe29,si
EST-2026-0424,4° C,Antonella,Vega Castro,antonella.vega0424@blenkir.edu.pe,mbappe29,si
EST-2026-0425,4° C,Ian,Vega Castro,ian.vega0425@blenkir.edu.pe,mbappe29,si
EST-2026-0426,4° C,Lucía,Vega Castro,lucia.vega0426@blenkir.edu.pe,mbappe29,si
EST-2026-0427,4° C,Adrián,Vega Castro,adrian.vega0427@blenkir.edu.pe,mbappe29,si
EST-2026-0428,4° C,Valeria,Vega Castro,valeria.vega0428@blenkir.edu.pe,mbappe29,si
EST-2026-0429,4° C,Emilio,Vega Castro,emilio.vega0429@blenkir.edu.pe,mbappe29,si
EST-2026-0430,4° C,Nicole,Vega Castro,nicole.vega0430@blenkir.edu.pe,mbappe29,si
EST-2026-0431,4° C,Rodrigo,Vega Castro,rodrigo.vega0431@blenkir.edu.pe,mbappe29,si
EST-2026-0432,4° C,Paola,Vega Castro,paola.vega0432@blenkir.edu.pe,mbappe29,si
EST-2026-0433,4° C,César,Vega Castro,cesar.vega0433@blenkir.edu.pe,mbappe29,si
EST-2026-0434,4° C,Milagros,Vega Castro,milagros.vega0434@blenkir.edu.pe,mbappe29,si
EST-2026-0435,4° C,Eduardo,Vega Castro,eduardo.vega0435@blenkir.edu.pe,mbappe29,si
EST-2026-0436,4° C,Roxana,Vega Castro,roxana.vega0436@blenkir.edu.pe,mbappe29,si
EST-2026-0437,4° C,Julio,Vega Castro,julio.vega0437@blenkir.edu.pe,mbappe29,si
EST-2026-0438,4° C,Katherine,Vega Castro,katherine.vega0438@blenkir.edu.pe,mbappe29,si
EST-2026-0439,4° C,Marco,Vega Castro,marco.vega0439@blenkir.edu.pe,mbappe29,si
EST-2026-0440,4° C,Angela,Vega Castro,angela.vega0440@blenkir.edu.pe,mbappe29,si
EST-2026-0441,4° C,Felipe,Vega Castro,felipe.vega0441@blenkir.edu.pe,mbappe29,si
EST-2026-0442,4° C,Ruth,Vega Castro,ruth.vega0442@blenkir.edu.pe,mbappe29,si
EST-2026-0443,4° C,Héctor,Vega Castro,hector.vega0443@blenkir.edu.pe,mbappe29,si
EST-2026-0444,4° C,Gladys,Vega Castro,gladys.vega0444@blenkir.edu.pe,mbappe29,si
EST-2026-0445,4° C,Óscar,Vega Castro,oscar.vega0445@blenkir.edu.pe,mbappe29,si
EST-2026-0446,4° C,Patricia,Vega Castro,patricia.vega0446@blenkir.edu.pe,mbappe29,si
EST-2026-0447,4° C,Raúl,Vega Castro,raul.vega0447@blenkir.edu.pe,mbappe29,si
EST-2026-0448,4° C,Carmen,Vega Castro,carmen.vega0448@blenkir.edu.pe,mbappe29,si
EST-2026-0449,4° C,Miguel,Vega Castro,miguel.vega0449@blenkir.edu.pe,mbappe29,si
EST-2026-0450,4° C,Rosa,Vega Castro,rosa.vega0450@blenkir.edu.pe,mbappe29,si
EST-2026-0451,4° D,Mateo,Castro Huamán,mateo.castro0451@blenkir.edu.pe,mbappe29,si
EST-2026-0452,4° D,Valentina,Castro Huamán,valentina.castro0452@blenkir.edu.pe,mbappe29,si
EST-2026-0453,4° D,Santiago,Castro Huamán,santiago.castro0453@blenkir.edu.pe,mbappe29,si
EST-2026-0454,4° D,Luciana,Castro Huamán,luciana.castro0454@blenkir.edu.pe,mbappe29,si
EST-2026-0455,4° D,Sebastián,Castro Huamán,sebastian.castro0455@blenkir.edu.pe,mbappe29,si
EST-2026-0456,4° D,Camila,Castro Huamán,camila.castro0456@blenkir.edu.pe,mbappe29,si
EST-2026-0457,4° D,Diego,Castro Huamán,diego.castro0457@blenkir.edu.pe,mbappe29,si
EST-2026-0458,4° D,Isabella,Castro Huamán,isabella.castro0458@blenkir.edu.pe,mbappe29,si
EST-2026-0459,4° D,Alejandro,Castro Huamán,alejandro.castro0459@blenkir.edu.pe,mbappe29,si
EST-2026-0460,4° D,Sofía,Castro Huamán,sofia.castro0460@blenkir.edu.pe,mbappe29,si
EST-2026-0461,4° D,Daniel,Castro Huamán,daniel.castro0461@blenkir.edu.pe,mbappe29,si
EST-2026-0462,4° D,Mariana,Castro Huamán,mariana.castro0462@blenkir.edu.pe,mbappe29,si
EST-2026-0463,4° D,Andrés,Castro Huamán,andres.castro0463@blenkir.edu.pe,mbappe29,si
EST-2026-0464,4° D,Emilia,Castro Huamán,emilia.castro0464@blenkir.edu.pe,mbappe29,si
EST-2026-0465,4° D,Gabriel,Castro Huamán,gabriel.castro0465@blenkir.edu.pe,mbappe29,si
EST-2026-0466,4° D,Victoria,Castro Huamán,victoria.castro0466@blenkir.edu.pe,mbappe29,si
EST-2026-0467,4° D,Renato,Castro Huamán,renato.castro0467@blenkir.edu.pe,mbappe29,si
EST-2026-0468,4° D,Fiorella,Castro Huamán,fiorella.castro0468@blenkir.edu.pe,mbappe29,si
EST-2026-0469,4° D,Bruno,Castro Huamán,bruno.castro0469@blenkir.edu.pe,mbappe29,si
EST-2026-0470,4° D,Ariana,Castro Huamán,ariana.castro0470@blenkir.edu.pe,mbappe29,si
EST-2026-0471,4° D,Joaquín,Castro Huamán,joaquin.castro0471@blenkir.edu.pe,mbappe29,si
EST-2026-0472,4° D,Mía,Castro Huamán,mia.castro0472@blenkir.edu.pe,mbappe29,si
EST-2026-0473,4° D,Thiago,Castro Huamán,thiago.castro0473@blenkir.edu.pe,mbappe29,si
EST-2026-0474,4° D,Antonella,Castro Huamán,antonella.castro0474@blenkir.edu.pe,mbappe29,si
EST-2026-0475,4° D,Ian,Castro Huamán,ian.castro0475@blenkir.edu.pe,mbappe29,si
EST-2026-0476,4° D,Lucía,Castro Huamán,lucia.castro0476@blenkir.edu.pe,mbappe29,si
EST-2026-0477,4° D,Adrián,Castro Huamán,adrian.castro0477@blenkir.edu.pe,mbappe29,si
EST-2026-0478,4° D,Valeria,Castro Huamán,valeria.castro0478@blenkir.edu.pe,mbappe29,si
EST-2026-0479,4° D,Emilio,Castro Huamán,emilio.castro0479@blenkir.edu.pe,mbappe29,si
EST-2026-0480,4° D,Nicole,Castro Huamán,nicole.castro0480@blenkir.edu.pe,mbappe29,si
EST-2026-0481,5° A,Rodrigo,Castro Huamán,rodrigo.castro0481@blenkir.edu.pe,mbappe29,si
EST-2026-0482,5° A,Paola,Castro Huamán,paola.castro0482@blenkir.edu.pe,mbappe29,si
EST-2026-0483,5° A,César,Castro Huamán,cesar.castro0483@blenkir.edu.pe,mbappe29,si
EST-2026-0484,5° A,Milagros,Castro Huamán,milagros.castro0484@blenkir.edu.pe,mbappe29,si
EST-2026-0485,5° A,Eduardo,Castro Huamán,eduardo.castro0485@blenkir.edu.pe,mbappe29,si
EST-2026-0486,5° A,Roxana,Castro Huamán,roxana.castro0486@blenkir.edu.pe,mbappe29,si
EST-2026-0487,5° A,Julio,Castro Huamán,julio.castro0487@blenkir.edu.pe,mbappe29,si
EST-2026-0488,5° A,Katherine,Castro Huamán,katherine.castro0488@blenkir.edu.pe,mbappe29,si
EST-2026-0489,5° A,Marco,Castro Huamán,marco.castro0489@blenkir.edu.pe,mbappe29,si
EST-2026-0490,5° A,Angela,Castro Huamán,angela.castro0490@blenkir.edu.pe,mbappe29,si
EST-2026-0491,5° A,Felipe,Castro Huamán,felipe.castro0491@blenkir.edu.pe,mbappe29,si
EST-2026-0492,5° A,Ruth,Castro Huamán,ruth.castro0492@blenkir.edu.pe,mbappe29,si
EST-2026-0493,5° A,Héctor,Castro Huamán,hector.castro0493@blenkir.edu.pe,mbappe29,si
EST-2026-0494,5° A,Gladys,Castro Huamán,gladys.castro0494@blenkir.edu.pe,mbappe29,si
EST-2026-0495,5° A,Óscar,Castro Huamán,oscar.castro0495@blenkir.edu.pe,mbappe29,si
EST-2026-0496,5° A,Patricia,Castro Huamán,patricia.castro0496@blenkir.edu.pe,mbappe29,si
EST-2026-0497,5° A,Raúl,Castro Huamán,raul.castro0497@blenkir.edu.pe,mbappe29,si
EST-2026-0498,5° A,Carmen,Castro Huamán,carmen.castro0498@blenkir.edu.pe,mbappe29,si
EST-2026-0499,5° A,Miguel,Castro Huamán,miguel.castro0499@blenkir.edu.pe,mbappe29,si
EST-2026-0500,5° A,Rosa,Castro Huamán,rosa.castro0500@blenkir.edu.pe,mbappe29,si
EST-2026-0501,5° A,Mateo,Huamán Condori,mateo.huaman0501@blenkir.edu.pe,mbappe29,si
EST-2026-0502,5° A,Valentina,Huamán Condori,valentina.huaman0502@blenkir.edu.pe,mbappe29,si
EST-2026-0503,5° A,Santiago,Huamán Condori,santiago.huaman0503@blenkir.edu.pe,mbappe29,si
EST-2026-0504,5° A,Luciana,Huamán Condori,luciana.huaman0504@blenkir.edu.pe,mbappe29,si
EST-2026-0505,5° A,Sebastián,Huamán Condori,sebastian.huaman0505@blenkir.edu.pe,mbappe29,si
EST-2026-0506,5° A,Camila,Huamán Condori,camila.huaman0506@blenkir.edu.pe,mbappe29,si
EST-2026-0507,5° A,Diego,Huamán Condori,diego.huaman0507@blenkir.edu.pe,mbappe29,si
EST-2026-0508,5° A,Isabella,Huamán Condori,isabella.huaman0508@blenkir.edu.pe,mbappe29,si
EST-2026-0509,5° A,Alejandro,Huamán Condori,alejandro.huaman0509@blenkir.edu.pe,mbappe29,si
EST-2026-0510,5° A,Sofía,Huamán Condori,sofia.huaman0510@blenkir.edu.pe,mbappe29,si
EST-2026-0511,5° B,Daniel,Huamán Condori,daniel.huaman0511@blenkir.edu.pe,mbappe29,si
EST-2026-0512,5° B,Mariana,Huamán Condori,mariana.huaman0512@blenkir.edu.pe,mbappe29,si
EST-2026-0513,5° B,Andrés,Huamán Condori,andres.huaman0513@blenkir.edu.pe,mbappe29,si
EST-2026-0514,5° B,Emilia,Huamán Condori,emilia.huaman0514@blenkir.edu.pe,mbappe29,si
EST-2026-0515,5° B,Gabriel,Huamán Condori,gabriel.huaman0515@blenkir.edu.pe,mbappe29,si
EST-2026-0516,5° B,Victoria,Huamán Condori,victoria.huaman0516@blenkir.edu.pe,mbappe29,si
EST-2026-0517,5° B,Renato,Huamán Condori,renato.huaman0517@blenkir.edu.pe,mbappe29,si
EST-2026-0518,5° B,Fiorella,Huamán Condori,fiorella.huaman0518@blenkir.edu.pe,mbappe29,si
EST-2026-0519,5° B,Bruno,Huamán Condori,bruno.huaman0519@blenkir.edu.pe,mbappe29,si
EST-2026-0520,5° B,Ariana,Huamán Condori,ariana.huaman0520@blenkir.edu.pe,mbappe29,si
EST-2026-0521,5° B,Joaquín,Huamán Condori,joaquin.huaman0521@blenkir.edu.pe,mbappe29,si
EST-2026-0522,5° B,Mía,Huamán Condori,mia.huaman0522@blenkir.edu.pe,mbappe29,si
EST-2026-0523,5° B,Thiago,Huamán Condori,thiago.huaman0523@blenkir.edu.pe,mbappe29,si
EST-2026-0524,5° B,Antonella,Huamán Condori,antonella.huaman0524@blenkir.edu.pe,mbappe29,si
EST-2026-0525,5° B,Ian,Huamán Condori,ian.huaman0525@blenkir.edu.pe,mbappe29,si
EST-2026-0526,5° B,Lucía,Huamán Condori,lucia.huaman0526@blenkir.edu.pe,mbappe29,si
EST-2026-0527,5° B,Adrián,Huamán Condori,adrian.huaman0527@blenkir.edu.pe,mbappe29,si
EST-2026-0528,5° B,Valeria,Huamán Condori,valeria.huaman0528@blenkir.edu.pe,mbappe29,si
EST-2026-0529,5° B,Emilio,Huamán Condori,emilio.huaman0529@blenkir.edu.pe,mbappe29,si
EST-2026-0530,5° B,Nicole,Huamán Condori,nicole.huaman0530@blenkir.edu.pe,mbappe29,si
EST-2026-0531,5° B,Rodrigo,Huamán Condori,rodrigo.huaman0531@blenkir.edu.pe,mbappe29,si
EST-2026-0532,5° B,Paola,Huamán Condori,paola.huaman0532@blenkir.edu.pe,mbappe29,si
EST-2026-0533,5° B,César,Huamán Condori,cesar.huaman0533@blenkir.edu.pe,mbappe29,si
EST-2026-0534,5° B,Milagros,Huamán Condori,milagros.huaman0534@blenkir.edu.pe,mbappe29,si
EST-2026-0535,5° B,Eduardo,Huamán Condori,eduardo.huaman0535@blenkir.edu.pe,mbappe29,si
EST-2026-0536,5° B,Roxana,Huamán Condori,roxana.huaman0536@blenkir.edu.pe,mbappe29,si
EST-2026-0537,5° B,Julio,Huamán Condori,julio.huaman0537@blenkir.edu.pe,mbappe29,si
EST-2026-0538,5° B,Katherine,Huamán Condori,katherine.huaman0538@blenkir.edu.pe,mbappe29,si
EST-2026-0539,5° B,Marco,Huamán Condori,marco.huaman0539@blenkir.edu.pe,mbappe29,si
EST-2026-0540,5° B,Angela,Huamán Condori,angela.huaman0540@blenkir.edu.pe,mbappe29,si
EST-2026-0541,5° C,Felipe,Huamán Condori,felipe.huaman0541@blenkir.edu.pe,mbappe29,si
EST-2026-0542,5° C,Ruth,Huamán Condori,ruth.huaman0542@blenkir.edu.pe,mbappe29,si
EST-2026-0543,5° C,Héctor,Huamán Condori,hector.huaman0543@blenkir.edu.pe,mbappe29,si
EST-2026-0544,5° C,Gladys,Huamán Condori,gladys.huaman0544@blenkir.edu.pe,mbappe29,si
EST-2026-0545,5° C,Óscar,Huamán Condori,oscar.huaman0545@blenkir.edu.pe,mbappe29,si
EST-2026-0546,5° C,Patricia,Huamán Condori,patricia.huaman0546@blenkir.edu.pe,mbappe29,si
EST-2026-0547,5° C,Raúl,Huamán Condori,raul.huaman0547@blenkir.edu.pe,mbappe29,si
EST-2026-0548,5° C,Carmen,Huamán Condori,carmen.huaman0548@blenkir.edu.pe,mbappe29,si
EST-2026-0549,5° C,Miguel,Huamán Condori,miguel.huaman0549@blenkir.edu.pe,mbappe29,si
EST-2026-0550,5° C,Rosa,Huamán Condori,rosa.huaman0550@blenkir.edu.pe,mbappe29,si
EST-2026-0551,5° C,Mateo,Condori Salazar,mateo.condori0551@blenkir.edu.pe,mbappe29,si
EST-2026-0552,5° C,Valentina,Condori Salazar,valentina.condori0552@blenkir.edu.pe,mbappe29,si
EST-2026-0553,5° C,Santiago,Condori Salazar,santiago.condori0553@blenkir.edu.pe,mbappe29,si
EST-2026-0554,5° C,Luciana,Condori Salazar,luciana.condori0554@blenkir.edu.pe,mbappe29,si
EST-2026-0555,5° C,Sebastián,Condori Salazar,sebastian.condori0555@blenkir.edu.pe,mbappe29,si
EST-2026-0556,5° C,Camila,Condori Salazar,camila.condori0556@blenkir.edu.pe,mbappe29,si
EST-2026-0557,5° C,Diego,Condori Salazar,diego.condori0557@blenkir.edu.pe,mbappe29,si
EST-2026-0558,5° C,Isabella,Condori Salazar,isabella.condori0558@blenkir.edu.pe,mbappe29,si
EST-2026-0559,5° C,Alejandro,Condori Salazar,alejandro.condori0559@blenkir.edu.pe,mbappe29,si
EST-2026-0560,5° C,Sofía,Condori Salazar,sofia.condori0560@blenkir.edu.pe,mbappe29,si
EST-2026-0561,5° C,Daniel,Condori Salazar,daniel.condori0561@blenkir.edu.pe,mbappe29,si
EST-2026-0562,5° C,Mariana,Condori Salazar,mariana.condori0562@blenkir.edu.pe,mbappe29,si
EST-2026-0563,5° C,Andrés,Condori Salazar,andres.condori0563@blenkir.edu.pe,mbappe29,si
EST-2026-0564,5° C,Emilia,Condori Salazar,emilia.condori0564@blenkir.edu.pe,mbappe29,si
EST-2026-0565,5° C,Gabriel,Condori Salazar,gabriel.condori0565@blenkir.edu.pe,mbappe29,si
EST-2026-0566,5° C,Victoria,Condori Salazar,victoria.condori0566@blenkir.edu.pe,mbappe29,si
EST-2026-0567,5° C,Renato,Condori Salazar,renato.condori0567@blenkir.edu.pe,mbappe29,si
EST-2026-0568,5° C,Fiorella,Condori Salazar,fiorella.condori0568@blenkir.edu.pe,mbappe29,si
EST-2026-0569,5° C,Bruno,Condori Salazar,bruno.condori0569@blenkir.edu.pe,mbappe29,si
EST-2026-0570,5° C,Ariana,Condori Salazar,ariana.condori0570@blenkir.edu.pe,mbappe29,si
EST-2026-0571,6° A,Joaquín,Condori Salazar,joaquin.condori0571@blenkir.edu.pe,mbappe29,si
EST-2026-0572,6° A,Mía,Condori Salazar,mia.condori0572@blenkir.edu.pe,mbappe29,si
EST-2026-0573,6° A,Thiago,Condori Salazar,thiago.condori0573@blenkir.edu.pe,mbappe29,si
EST-2026-0574,6° A,Antonella,Condori Salazar,antonella.condori0574@blenkir.edu.pe,mbappe29,si
EST-2026-0575,6° A,Ian,Condori Salazar,ian.condori0575@blenkir.edu.pe,mbappe29,si
EST-2026-0576,6° A,Lucía,Condori Salazar,lucia.condori0576@blenkir.edu.pe,mbappe29,si
EST-2026-0577,6° A,Adrián,Condori Salazar,adrian.condori0577@blenkir.edu.pe,mbappe29,si
EST-2026-0578,6° A,Valeria,Condori Salazar,valeria.condori0578@blenkir.edu.pe,mbappe29,si
EST-2026-0579,6° A,Emilio,Condori Salazar,emilio.condori0579@blenkir.edu.pe,mbappe29,si
EST-2026-0580,6° A,Nicole,Condori Salazar,nicole.condori0580@blenkir.edu.pe,mbappe29,si
EST-2026-0581,6° A,Rodrigo,Condori Salazar,rodrigo.condori0581@blenkir.edu.pe,mbappe29,si
EST-2026-0582,6° A,Paola,Condori Salazar,paola.condori0582@blenkir.edu.pe,mbappe29,si
EST-2026-0583,6° A,César,Condori Salazar,cesar.condori0583@blenkir.edu.pe,mbappe29,si
EST-2026-0584,6° A,Milagros,Condori Salazar,milagros.condori0584@blenkir.edu.pe,mbappe29,si
EST-2026-0585,6° A,Eduardo,Condori Salazar,eduardo.condori0585@blenkir.edu.pe,mbappe29,si
EST-2026-0586,6° A,Roxana,Condori Salazar,roxana.condori0586@blenkir.edu.pe,mbappe29,si
EST-2026-0587,6° A,Julio,Condori Salazar,julio.condori0587@blenkir.edu.pe,mbappe29,si
EST-2026-0588,6° A,Katherine,Condori Salazar,katherine.condori0588@blenkir.edu.pe,mbappe29,si
EST-2026-0589,6° A,Marco,Condori Salazar,marco.condori0589@blenkir.edu.pe,mbappe29,si
EST-2026-0590,6° A,Angela,Condori Salazar,angela.condori0590@blenkir.edu.pe,mbappe29,si
EST-2026-0591,6° A,Felipe,Condori Salazar,felipe.condori0591@blenkir.edu.pe,mbappe29,si
EST-2026-0592,6° A,Ruth,Condori Salazar,ruth.condori0592@blenkir.edu.pe,mbappe29,si
EST-2026-0593,6° A,Héctor,Condori Salazar,hector.condori0593@blenkir.edu.pe,mbappe29,si
EST-2026-0594,6° A,Gladys,Condori Salazar,gladys.condori0594@blenkir.edu.pe,mbappe29,si
EST-2026-0595,6° A,Óscar,Condori Salazar,oscar.condori0595@blenkir.edu.pe,mbappe29,si
EST-2026-0596,6° A,Patricia,Condori Salazar,patricia.condori0596@blenkir.edu.pe,mbappe29,si
EST-2026-0597,6° A,Raúl,Condori Salazar,raul.condori0597@blenkir.edu.pe,mbappe29,si
EST-2026-0598,6° A,Carmen,Condori Salazar,carmen.condori0598@blenkir.edu.pe,mbappe29,si
EST-2026-0599,6° A,Miguel,Condori Salazar,miguel.condori0599@blenkir.edu.pe,mbappe29,si
EST-2026-0600,6° A,Rosa,Condori Salazar,rosa.condori0600@blenkir.edu.pe,mbappe29,si
EST-2026-0601,6° B,Mateo,Salazar Paredes,mateo.salazar0601@blenkir.edu.pe,mbappe29,si
EST-2026-0602,6° B,Valentina,Salazar Paredes,valentina.salazar0602@blenkir.edu.pe,mbappe29,si
EST-2026-0603,6° B,Santiago,Salazar Paredes,santiago.salazar0603@blenkir.edu.pe,mbappe29,si
EST-2026-0604,6° B,Luciana,Salazar Paredes,luciana.salazar0604@blenkir.edu.pe,mbappe29,si
EST-2026-0605,6° B,Sebastián,Salazar Paredes,sebastian.salazar0605@blenkir.edu.pe,mbappe29,si
EST-2026-0606,6° B,Camila,Salazar Paredes,camila.salazar0606@blenkir.edu.pe,mbappe29,si
EST-2026-0607,6° B,Diego,Salazar Paredes,diego.salazar0607@blenkir.edu.pe,mbappe29,si
EST-2026-0608,6° B,Isabella,Salazar Paredes,isabella.salazar0608@blenkir.edu.pe,mbappe29,si
EST-2026-0609,6° B,Alejandro,Salazar Paredes,alejandro.salazar0609@blenkir.edu.pe,mbappe29,si
EST-2026-0610,6° B,Sofía,Salazar Paredes,sofia.salazar0610@blenkir.edu.pe,mbappe29,si
EST-2026-0611,6° B,Daniel,Salazar Paredes,daniel.salazar0611@blenkir.edu.pe,mbappe29,si
EST-2026-0612,6° B,Mariana,Salazar Paredes,mariana.salazar0612@blenkir.edu.pe,mbappe29,si
EST-2026-0613,6° B,Andrés,Salazar Paredes,andres.salazar0613@blenkir.edu.pe,mbappe29,si
EST-2026-0614,6° B,Emilia,Salazar Paredes,emilia.salazar0614@blenkir.edu.pe,mbappe29,si
EST-2026-0615,6° B,Gabriel,Salazar Paredes,gabriel.salazar0615@blenkir.edu.pe,mbappe29,si
EST-2026-0616,6° B,Victoria,Salazar Paredes,victoria.salazar0616@blenkir.edu.pe,mbappe29,si
EST-2026-0617,6° B,Renato,Salazar Paredes,renato.salazar0617@blenkir.edu.pe,mbappe29,si
EST-2026-0618,6° B,Fiorella,Salazar Paredes,fiorella.salazar0618@blenkir.edu.pe,mbappe29,si
EST-2026-0619,6° B,Bruno,Salazar Paredes,bruno.salazar0619@blenkir.edu.pe,mbappe29,si
EST-2026-0620,6° B,Ariana,Salazar Paredes,ariana.salazar0620@blenkir.edu.pe,mbappe29,si
EST-2026-0621,6° B,Joaquín,Salazar Paredes,joaquin.salazar0621@blenkir.edu.pe,mbappe29,si
EST-2026-0622,6° B,Mía,Salazar Paredes,mia.salazar0622@blenkir.edu.pe,mbappe29,si
EST-2026-0623,6° B,Thiago,Salazar Paredes,thiago.salazar0623@blenkir.edu.pe,mbappe29,si
EST-2026-0624,6° B,Antonella,Salazar Paredes,antonella.salazar0624@blenkir.edu.pe,mbappe29,si
EST-2026-0625,6° B,Ian,Salazar Paredes,ian.salazar0625@blenkir.edu.pe,mbappe29,si
EST-2026-0626,6° B,Lucía,Salazar Paredes,lucia.salazar0626@blenkir.edu.pe,mbappe29,si
EST-2026-0627,6° B,Adrián,Salazar Paredes,adrian.salazar0627@blenkir.edu.pe,mbappe29,si
EST-2026-0628,6° B,Valeria,Salazar Paredes,valeria.salazar0628@blenkir.edu.pe,mbappe29,si
EST-2026-0629,6° B,Emilio,Salazar Paredes,emilio.salazar0629@blenkir.edu.pe,mbappe29,si
EST-2026-0630,6° B,Nicole,Salazar Paredes,nicole.salazar0630@blenkir.edu.pe,mbappe29,si
EST-2026-0631,6° C,Rodrigo,Salazar Paredes,rodrigo.salazar0631@blenkir.edu.pe,mbappe29,si
EST-2026-0632,6° C,Paola,Salazar Paredes,paola.salazar0632@blenkir.edu.pe,mbappe29,si
EST-2026-0633,6° C,César,Salazar Paredes,cesar.salazar0633@blenkir.edu.pe,mbappe29,si
EST-2026-0634,6° C,Milagros,Salazar Paredes,milagros.salazar0634@blenkir.edu.pe,mbappe29,si
EST-2026-0635,6° C,Eduardo,Salazar Paredes,eduardo.salazar0635@blenkir.edu.pe,mbappe29,si
EST-2026-0636,6° C,Roxana,Salazar Paredes,roxana.salazar0636@blenkir.edu.pe,mbappe29,si
EST-2026-0637,6° C,Julio,Salazar Paredes,julio.salazar0637@blenkir.edu.pe,mbappe29,si
EST-2026-0638,6° C,Katherine,Salazar Paredes,katherine.salazar0638@blenkir.edu.pe,mbappe29,si
EST-2026-0639,6° C,Marco,Salazar Paredes,marco.salazar0639@blenkir.edu.pe,mbappe29,si
EST-2026-0640,6° C,Angela,Salazar Paredes,angela.salazar0640@blenkir.edu.pe,mbappe29,si
EST-2026-0641,6° C,Felipe,Salazar Paredes,felipe.salazar0641@blenkir.edu.pe,mbappe29,si
EST-2026-0642,6° C,Ruth,Salazar Paredes,ruth.salazar0642@blenkir.edu.pe,mbappe29,si
EST-2026-0643,6° C,Héctor,Salazar Paredes,hector.salazar0643@blenkir.edu.pe,mbappe29,si
EST-2026-0644,6° C,Gladys,Salazar Paredes,gladys.salazar0644@blenkir.edu.pe,mbappe29,si
EST-2026-0645,6° C,Óscar,Salazar Paredes,oscar.salazar0645@blenkir.edu.pe,mbappe29,si
EST-2026-0646,6° C,Patricia,Salazar Paredes,patricia.salazar0646@blenkir.edu.pe,mbappe29,si
EST-2026-0647,6° C,Raúl,Salazar Paredes,raul.salazar0647@blenkir.edu.pe,mbappe29,si
EST-2026-0648,6° C,Carmen,Salazar Paredes,carmen.salazar0648@blenkir.edu.pe,mbappe29,si
EST-2026-0649,6° C,Miguel,Salazar Paredes,miguel.salazar0649@blenkir.edu.pe,mbappe29,si
EST-2026-0650,6° C,Rosa,Salazar Paredes,rosa.salazar0650@blenkir.edu.pe,mbappe29,si
EST-2026-0651,6° C,Mateo,Paredes Silva,mateo.paredes0651@blenkir.edu.pe,mbappe29,si
EST-2026-0652,6° C,Valentina,Paredes Silva,valentina.paredes0652@blenkir.edu.pe,mbappe29,si
EST-2026-0653,6° C,Santiago,Paredes Silva,santiago.paredes0653@blenkir.edu.pe,mbappe29,si
EST-2026-0654,6° C,Luciana,Paredes Silva,luciana.paredes0654@blenkir.edu.pe,mbappe29,si
EST-2026-0655,6° C,Sebastián,Paredes Silva,sebastian.paredes0655@blenkir.edu.pe,mbappe29,si
EST-2026-0656,6° C,Camila,Paredes Silva,camila.paredes0656@blenkir.edu.pe,mbappe29,si
EST-2026-0657,6° C,Diego,Paredes Silva,diego.paredes0657@blenkir.edu.pe,mbappe29,si
EST-2026-0658,6° C,Isabella,Paredes Silva,isabella.paredes0658@blenkir.edu.pe,mbappe29,si
EST-2026-0659,6° C,Alejandro,Paredes Silva,alejandro.paredes0659@blenkir.edu.pe,mbappe29,si
EST-2026-0660,6° C,Sofía,Paredes Silva,sofia.paredes0660@blenkir.edu.pe,mbappe29,si